transaction_amount,account_age_days,num_transactions,avg_transaction,credit_limit,is_fraud
1843.9044567132814,716.9033326506839,49.95672074128337,49.50903344800277,41915.28959271424,0
10475.098021888243,753.2651684702704,96.21621442204876,90.62713705728044,20996.838350853635,0
7731.106623766627,243.55649159390137,154.0703333409491,356.5873052354988,23434.781991517782,0
7175.516402016775,472.91108681737643,131.0656908315858,233.18919978721658,23112.28975228453,0
81.64448632785411,557.6635916882767,25.438783971093642,12.176263461593997,38554.00859337271,0
15350.62725031063,140.35657144654897,141.10269084165614,165.2391932862332,893.1454095101317,0
4428.199803203969,546.8666255046573,129.90296705959065,377.9166121187327,14582.780075101226,0
12769.69849052168,94.27936547612877,224.6180745856032,481.4646176080938,41158.52059473044,0
1731.3647906490255,736.8213935479713,64.21655072478326,36.02065201597768,32605.815391204134,0
6472.668930297377,401.5100368259093,87.41116336866656,227.01742044686648,5849.153922388099,0
7495.459790766214,750.0775066192753,71.82303818540657,175.08022905918122,15402.751255063311,0
8312.596903544476,47.386726137967486,67.99562635618847,167.8000825016158,24162.77240460177,0
2417.5095939965063,642.5859245732431,67.62024518362907,47.55471738510684,34282.15624369666,0
1590.2698733454604,1309.0535088571621,106.55244818497698,280.3066503087914,37025.6511090759,0
5777.72558593343,1391.094362492735,59.57017555149567,43.076843734230025,53868.027750012094,0
9526.114948338607,733.5457823577271,146.91253387875216,331.21213872893776,17401.689293893887,0
15661.183112537394,225.41060920653484,154.98415849469316,322.9337561492566,11896.44688027025,0
2814.349103693461,876.940066744691,87.17888171739187,16.575056066010994,43501.71703802871,0
14598.38886147955,561.6325418371325,135.65325980040626,143.349267362403,1117.8487465748385,0
9990.511613614031,696.3320007721273,150.51881053124612,347.2328471828855,5859.656031606602,0
1334.4069879210429,428.54292971644986,67.61000308606916,68.86316382093906,72399.96437250295,0
3195.7967757948754,967.4290574356978,2.9255452650035343,53.91833250812752,33851.4766932659,0
5139.965103418504,902.4388272288527,8.334820941545264,63.07386323206123,41703.902297467066,0
532.1309572930325,951.9938204090565,78.25806774930028,85.72170204548627,31842.135925237988,0
1610.525197717403,58.46764640919968,40.68505667379819,138.27051636298924,50372.79215756818,0
4972.695116643889,565.9302795665914,64.60356205704167,180.18603148969467,9854.989119160207,1
10915.817730069253,172.3634616609515,168.92161408499473,323.7582118505079,26999.873867602095,1
1605.1332275971422,1074.1036154672931,65.66481249087244,0.9830325494363876,44957.17111736099,0
1806.0552380530828,1399.600109279385,116.63765548406982,384.3206109217074,30719.09523211698,0
1216.625511684465,876.0756403328915,31.88440730323554,9.839101348584542,31559.772410900034,0
4216.026267442319,648.3892850765179,114.30481032350365,163.5994155345238,67638.22733011638,0
9180.153846494868,427.4308544937723,53.663058432373035,233.93213935775384,44620.26705195179,0
2643.623938384996,673.0512310830832,43.37390408374252,26.642280536381115,32802.79683290571,0
12182.945511134856,118.2849476450921,167.1512469070286,472.76341885386955,5173.469016569228,0
2519.5641133817594,601.6846197031919,113.66268489617329,272.85710886970145,26385.814861395793,0
14915.77281985645,475.92636550592186,129.96510562469854,67.28566072124127,4268.872813572484,0
161.41640946687835,673.6388729580295,95.30801546407176,225.61887778091545,29718.081107273254,0
578.245522567661,735.9951113276237,51.6897782139982,44.32099404428862,48831.522056487964,0
5213.425028476258,994.9759665736972,24.832293340757232,213.72182450132513,61461.10421118673,0
3356.344098077122,715.0313465914153,77.1610388264789,10.518874178559237,28225.11026165565,0
7842.193033450427,100.39347261993083,58.73743141348528,180.28417608099053,35888.87807623124,0
11054.107464920775,1148.0731668179462,31.95299168980825,43.539179171167234,59913.13473285581,0
2481.785521346969,1131.6367506331003,87.66353063629407,120.90595895874307,50690.82216604542,0
2428.1987264601044,589.1789528367046,126.44958540556738,361.43535638633324,24936.387742079954,0
12774.297706558315,363.7284572273475,135.00884027912687,123.73334926087693,12931.458143070242,0
6080.280612041375,70.67724145923206,121.73919061644251,259.83303166886554,19375.201745322294,0
1589.889424699591,607.4242237887969,13.817649824311935,34.97192483055318,21747.89341158843,0
3698.9835505437964,1440.9646480284607,134.52555233827442,207.62953900607877,76774.66098738038,0
11817.08820921847,475.3939367090234,148.04080683253716,150.6751321821938,25268.20326581519,1
6338.009929152458,1642.9667664890653,87.4847696142001,109.45098293794874,70490.9067905109,0
5462.142569065669,1486.3456341372591,72.79547717871839,112.1813896503595,52812.01084369331,0
4623.211112454237,109.31019100348442,44.95759895861162,142.75889509847903,23129.739854176838,0
3734.60023301823,437.4034743320326,12.981300249557616,85.9630762973668,36278.22362464226,0
9955.16714585517,81.66119869771947,150.73505821258811,422.4378537448172,86.85099948296102,0
14069.925528983385,223.61977085504023,156.64055127522766,349.2783654759211,8579.640221519283,0
7735.937054754419,76.2617599400071,93.10338449941894,236.11137175536555,11380.123967202562,0
1634.025557944557,777.3071331472229,86.07966920802754,121.66936619479233,28409.36681917039,0
11044.724372522553,696.9520850403532,183.6640080795955,412.9304973397511,19996.64993291151,0
2933.2186462259883,172.61607725516316,86.24975100576088,44.411278924193525,37342.93519464327,0
11199.62924445147,48.8104706568421,130.74917093945385,224.22120117940955,4484.267490272558,0
7849.569791852207,1050.8694342945405,56.85982549363605,157.232882818981,26231.115719603375,0
3352.6409761339382,443.0408644609206,11.038313517666639,81.75501486307789,35214.11645912768,0
3466.5504406249906,968.8709764763472,28.638156831429807,198.0390744503368,52864.91906433562,0
755.9734881507045,1059.679800053575,80.9071436446069,29.442159181814247,40979.946222860985,0
1476.1153338086865,270.6669041462005,1.400849743916698,65.1715377730381,15473.656770827503,0
2140.4582615633353,1062.3604249316877,53.67306842907796,19.453555226601395,33942.36890660214,0
1290.4540419975838,289.0823217159091,24.153888128132934,12.555107713859456,46064.262729406444,0
4095.0269140990176,854.5283239750108,59.468998509052035,136.95415908166723,947.1554621913647,0
10649.413267600139,112.72174478359818,143.74044265310926,359.7525698028816,453.524128372278,0
7105.240226426482,384.1362287871588,104.19101766605522,99.5524203383967,20284.132490165473,0
6868.720497425029,277.8564508250364,142.37179911360283,445.88485003906885,3551.3188255663545,0
167.47065893808008,547.4827830705192,15.512396639741155,85.629989118748,13119.083800634307,0
8945.985429984035,275.85526100325905,152.08538824328843,410.8909412298811,6168.889172690541,0
2033.93868868971,461.3971915406971,4.580480046069626,55.53299344355331,29509.177905945042,0
4658.393296823956,737.1006363683601,69.97113237438006,87.17517536063512,29322.093675658543,0
13505.631306756839,177.85914931889198,138.1965599309793,240.79539573904736,2703.9657467486713,0
4519.822196384367,943.8655273286624,53.64852438405536,144.09037656914282,9140.623606067275,0
2210.025140840244,24.03865262568408,39.299389920642184,140.7706508430997,15329.21640773907,0
7425.620232456275,209.05176237660805,142.57610433761562,327.46998871377207,22257.287361141793,0
6169.782298979532,56.32960239592851,111.58275205720788,256.0997975590382,10282.507661680062,0
3619.414218601445,26.03637098866764,96.83224433405142,236.46912833780095,14405.63023101637,0
2207.438450567388,654.442617557059,65.70321979755312,79.86562182238211,38635.41015238567,0
5065.464674897535,49.781309658487224,107.61095042097256,268.25771075436336,11028.23565984251,0
890.0357210401946,383.08626708471957,28.77771494320661,2.982970153615902,44985.96625511171,0
2559.014133637207,582.9703234440634,21.193406131877857,105.25148952459165,24173.767416274448,0
14504.984374146488,170.25162678263874,163.82930129616656,407.45494487749454,13109.759663438173,0
10474.191565178904,1530.9482081076458,60.984038981307364,212.0952101676982,54434.4419315485,0
424.91794565014754,656.3022929359151,73.329945530221,94.25513217273516,33418.76398152254,0
2200.436952983933,652.0600734658939,38.6167872673299,231.60855826193537,62207.4899485605,0
7594.267895734578,573.5598731128234,109.92867784851533,165.87184489726803,11212.166371068019,0
5489.492323643749,753.1169833302267,38.64432561625847,26.700950628204655,73644.71463489391,0
13086.137427647705,230.50025026607037,134.84311753144323,263.7745173404847,9745.090245053936,0
8310.23212856158,172.84172412489073,100.29489191734663,247.4711701724171,9147.9807505501,0
6309.533472447601,545.2339510397452,109.48780477196847,91.02193897955706,29811.47375957721,0
5922.588776750374,818.6156434344158,86.32876576366472,288.91349664995823,44934.34798907257,0
7172.867271770752,683.4040620483545,79.76406535367043,194.9524839317353,61440.31732130317,0
1505.5079621307157,754.6057266718911,61.17249091947828,151.82880312926287,18818.291657909078,0
6855.270382139194,803.0479904579216,119.84632189643604,273.40212100044045,17144.57866715289,0
3481.2221965762246,1346.3103697818956,19.069977154010918,1.3530045344963852,44802.28659120822,0
5636.984448144838,96.41331661504785,184.06854760050595,414.8089977290912,55873.48107117669,0
3503.2038708893024,440.8041054602442,38.66911789936394,275.3045270338321,7228.280068430117,1
2485.0112822934525,1541.7652704179231,117.84214359656549,176.79388865537913,72464.991306309,0
4875.086037254151,507.77363821857034,63.654560687566615,126.273901339425,24464.115946220412,1
8075.3846954522305,273.85732421945545,97.13752661415064,2.4165590530244287,24934.483930587143,0
3754.4151501588576,542.9966262038937,26.038831676076338,106.66111628820843,26962.613935014197,0
7196.5003890411845,144.57162616647904,95.30143807897036,52.741610857656255,20540.671291024108,0
11322.508620344193,440.5583582897629,199.0000883332684,431.0203366539492,31372.192919254197,0
9656.179725105214,1233.465559733852,189.72399271411211,572.7744642116272,4927.753420259493,0
4666.695881061699,407.86934622421944,26.862402349422435,115.47992056960109,33624.537318859766,0
2226.782623192556,909.9122018639242,52.3223643212131,194.8709665909162,42383.785536232455,0
57.815676618589805,528.5606985776225,5.759753019712713,51.92728292841808,26819.882997062585,0
15456.076550629841,74.79662377411199,202.1869295532084,697.8471848653342,5835.43939479831,1
12401.371601017378,426.636265641518,171.4410353733524,361.0019402784153,16915.364220146344,0
220.1848974690804,389.2901246806626,19.730738423024327,103.74324307356605,13449.04995982648,0
6754.9370770912865,827.1389257597893,47.3294281036763,6.049062200030029,59641.06523401254,0
6412.988494764384,851.0755129375839,113.27457998675982,137.85042278167884,23351.17755511942,1
2961.959879073379,618.0461924485169,38.104847592300096,121.95011508309133,13356.964760264713,0
1188.912757014449,22.889118254297827,31.291231891548414,137.6579580029002,2729.895801613946,0
2850.8821230223116,683.9377919272272,53.07521158218384,8.125039549404157,41721.776876232616,0
5648.267739671168,98.78125435142722,185.11516734220814,419.94933157494773,54639.22350658092,0
241.1389278030132,473.6516166745944,11.703182026592387,82.51341643563012,14318.075894464459,0
2418.2813590431547,367.91168636671534,95.38731524688751,251.85278116439463,15127.511947092271,0
1587.7032349008782,297.68677102985123,1.9477385081977587,51.29119201339178,33415.288175279486,0
6927.874257782908,763.7641400470877,14.132407088881706,126.74799871584614,49446.229331253395,0
6975.492923620524,390.6704663424524,198.97471854445052,429.66680006138364,56330.30700653091,0
938.7386016828368,1116.4830921117116,121.92763591874171,319.2164528275569,32126.110661910032,0
1123.1537855457343,987.957392613904,67.53629221755534,66.10638303252927,34156.056942477015,0
7157.44444040305,1004.8266338130102,34.09845602639911,3.918867763321643,48292.7940797893,0
3685.857290980811,547.0193939037529,81.09243221176855,69.8814231271088,21914.072679268684,0
1287.0841491837418,143.44914856364164,53.02538263923791,159.62191501124212,602.4319453537273,0
9948.901035461353,211.58201275271148,102.58999524941233,244.12476464721402,15482.155545924637,0
3378.622173234943,332.5387945860738,112.36516616965157,264.59083484345445,23487.30880496962,0
7218.680632241763,8.555445506662068,97.44325771887739,57.460078207487356,22682.66978533099,0
789.6518505565223,684.2132775321193,135.143082551015,431.5237965676883,39454.51819896704,0
3804.858243894081,162.24234596089963,64.49548994643239,183.8379110895665,8916.228842225568,0
246.0951513378376,408.37801959837805,22.89520884516738,20.844540544656425,36750.61480466823,0
3140.2649278798704,88.75028728669945,4.6343398568849805,75.35042684953939,7195.228675341072,0
15637.440744516589,133.2485908116427,171.8086382876151,383.81783054428934,8283.846221033957,0
2770.714801276435,938.276635445694,13.8433394724311,70.56908434317855,24278.819447196067,0
6312.918203472773,434.7437183259334,64.01267559986336,223.85664432186445,37807.53402948552,0
10280.895277376847,11.6167235879102,118.74062744386092,335.7945866812803,15278.051418966097,1
8073.510398905231,1168.4746990378883,163.37389526893816,410.89061772089576,31210.74662119612,1
207.82678415025703,679.4949715414567,19.581979179918772,24.370205492035566,32641.885601514463,0
4009.667565735105,281.0165418188569,7.527332589803677,34.095297204119746,49569.0931384164,0
11889.497367285727,207.77780838644475,144.25705959657296,259.6059728486818,6368.638592770457,0
6610.2511523119265,631.8313359929059,124.15555962634647,187.14614370711894,26030.833361115438,0
612.2003569009385,877.8187102741318,55.077950423699946,125.88258878155156,43510.41884685568,0
1920.892892646672,727.9296177645433,79.74280514502242,87.55498914941006,60238.86515103125,0
393.58416607072377,407.7199627313058,16.378664586540964,78.15781662200587,13395.04792810143,0
1994.6653662083709,221.0666703529552,16.50918842310586,12.739427613754152,12486.299590869326,1
2570.484855878216,507.6905071030151,93.76405056483193,140.30303764487977,36026.10401319878,1
5747.114128375267,378.2530938986194,114.55090214114281,288.979468468285,8082.3260162203205,0
5793.618964303355,343.0742707354773,104.38295894132366,141.3464693836983,21640.46157829039,0
2874.6709430625383,984.9399871575425,82.34978248402754,23.013466837013425,31892.60305360224,0
3486.8947395521927,288.3303429949034,60.08099771922219,182.1720619484152,11757.472036444098,0
7801.063696402442,1029.202471527131,239.06791550881485,521.1210948212517,69757.25220038937,0
4253.558705924602,1368.7723438698222,122.16307686785873,200.55440890290197,30362.1509662291,0
5121.9434212207525,1017.3771012892782,5.37569804702189,26.284241566801143,47631.62492993594,0
15851.400613798749,131.75213162283237,128.96481950469612,157.85679473053068,11783.890089135897,0
1071.9884479893594,902.3771014066061,40.103123546275775,23.84764852845709,37522.424575145604,0
15462.897395925074,866.3660402012882,148.0571998418201,211.46576301018976,38127.27098710653,1
1297.8766614211204,626.7407056491049,30.4067923078509,1.7498932687538797,33247.967637322174,0
5646.996096884321,1064.8616572449127,88.58613097660623,117.5860027829208,40419.540780066345,0
2704.093211048392,364.96923568029905,27.537075954151838,9.11799839317078,25650.677424280195,0
3182.2361342591676,878.1336434561439,114.45788404631506,253.76330943925763,36424.61876438887,1
240.47748119794028,1001.0328964649452,94.19776804994288,117.25981894146483,79113.9715982054,0
9814.79097739281,527.8298306708413,135.6531411354698,320.8115957282626,1475.791651773946,0
2948.576081743874,869.2470843395341,64.73005140372246,42.906696129672596,26396.94496782577,0
5778.221489496099,448.21954959197865,30.81365366688385,102.67035598873301,34009.12494587283,0
12811.953887747977,295.3512114216524,182.04938233555237,604.2090157735198,18285.39271359789,0
665.4095471880587,336.26944137615055,34.20627738138919,0.6068570761200291,49362.588888751445,0
609.9930625949821,433.8025524934669,39.485089737527176,10.606685193356789,51654.20725088611,0
1857.3399238229629,722.163530887951,39.24812338512747,225.80893343863107,59479.632186395116,0
2799.395667057926,517.5200031430389,40.98784189264475,146.47633293809102,17172.14940616481,0
292.54307489211396,461.3663807697991,1.2556604388637176,66.48785619978588,26742.18207250531,0
8711.87051477478,402.45724501270763,106.85020784644091,109.71338900598542,11982.282916061358,0
10913.363409817408,354.4783288610914,110.77637427669171,167.5569232849584,607.3021630996636,0
3271.875857093356,624.4549176707638,85.065400846847,212.45779829626701,13773.461737783919,0
4478.690788001624,1269.7161979518662,44.18769951441162,66.27681450730472,50290.520711889585,0
9257.63497869564,352.6026791789959,116.25856259888229,196.89641474220636,4340.274661611554,0
9145.102986465448,699.0864471446438,117.40711438067703,108.04523413044257,17415.410810074238,0
3051.6282389684206,104.63308301237619,67.18868545053951,181.94469493395778,1540.3066548306651,0
9362.22819424554,491.7022090578022,151.69851310523066,343.92067471152205,12373.934341991366,0
21976.091864209182,891.7310301640969,144.57533154684393,155.46963761298773,26418.762257021903,0
10081.282612170462,243.42701816678778,113.93445551959508,79.67802429833887,16481.75735129011,0
7116.607602225378,473.91004967412493,3.2869644413556642,41.20113540148955,62948.82317032383,0
4660.038104771492,289.8051452535793,99.44001729140064,116.05861297659442,27780.16794214648,0
8424.392368188275,218.48297796638008,133.75755796254998,310.06019625595604,8381.502542663535,0
6739.48942232882,125.85144862130531,103.74912928643073,255.36239407849405,1289.5397320606207,0
13028.590435192218,544.4374297996781,158.67404969226536,374.26550138722854,6925.924742279702,0
13081.809715935677,94.3333580860535,183.27725381348216,401.9487267019759,14000.367168325982,0
2493.3079619036926,794.1194359218445,13.52293277406855,26.34649459039713,41820.83348696158,0
3836.927896086989,746.9887678132691,38.938402464467394,45.074142993767666,42173.63079949928,0
8046.3442826122955,346.30282473108116,127.56512495412696,225.76345027553322,17036.65111263613,0
8156.986361247703,43.39718403904112,83.27814184848319,499.64660107218856,30719.15745021034,1
982.3074658027006,1206.4247070012254,66.27199606712995,83.34397581144705,50617.097689902126,0
5587.9638354380395,481.55578280058444,36.02123371840122,193.72678225613217,8453.93205476387,1
1955.0267595952077,825.4472889561093,46.159584745540556,28.12444951286228,37946.528686657766,0
8874.734671661612,34.26239392672595,95.38833715280016,47.60042057543521,12735.105618909905,0
5877.92877370927,1537.4062300589535,5.073510169505811,38.75948141028931,49993.31063198667,0
3147.3880792196014,635.2154945250586,83.71442442473797,113.03357060058536,20050.97995620592,0
2591.243493711476,1033.880971636328,123.66770705739584,361.85275295295486,18387.87968068473,0
1686.4507677130832,487.1598144209541,69.55527540141509,15.13745866594489,36196.48225774193,0
3078.885099987469,1126.1885107910919,98.54066328718339,156.89659090149283,23825.889196012522,0
8201.72969810377,117.28105936598823,213.46495452711002,464.13975632137726,59183.01099680515,0
8600.221213853403,30.440063800815636,121.76731756111363,307.1749064589928,1402.4338066319642,0
93.62623743281085,1194.9045019320681,67.02841888165639,48.2430006438624,44199.43315821489,0
916.7554218396419,279.77566838889106,17.198187170379015,107.24348340947057,10657.382729504592,0
6280.608291498768,616.9965217371421,102.45789153409675,247.2857375501157,7287.168472219072,0
304.25624110306217,385.91991455037345,4.440228739488721,60.738677830038924,17815.739888974796,0
3855.943918663993,1000.1236898235107,64.61648129274712,140.6075678971784,35427.44468256848,0
16020.0444326678,63.61930098942901,167.21624821495837,345.6704864756077,7376.704218266905,0
4232.708083657904,356.8256424042376,73.94738793786601,187.52407728921278,267.4194239168346,0
8886.890559080148,46.320042179490116,143.633312460749,354.6160007542003,9697.599024156967,0
6076.6781082113075,97.7166426803158,95.95120203505309,232.58965559294177,1234.8705237853296,0
193.32218032288006,776.0371705664319,105.19169765245054,296.0179086820321,26958.893982000143,0
13522.349557468166,796.0038455514455,227.53671372745282,496.2127598190865,32526.92285332364,0
4294.030667927272,918.0726568075083,162.97155417373963,445.5433715783521,32505.6143154004,0
15770.467656318258,105.51332884194017,155.2309264520745,253.6331554027339,3811.3703012611877,0
2299.9806272945075,586.0136007236597,10.469585040216819,71.08216361376,27190.240859527003,0
3318.136676994045,551.5507011099231,28.018395318453113,234.0102660231132,22579.102577671583,1
2797.9306237944133,766.2893744093742,20.184616568540577,111.11613374307012,26095.848631745317,0
2062.7114030369385,864.4590523337342,99.3769969016379,155.18725986694966,32347.881072523207,0
4524.939366218393,972.7092988753757,31.322229854754482,94.45597292775375,21656.265989608226,0
6062.55788930727,631.4442559227192,54.7976818532474,162.06906554836155,21674.880474208774,0
7415.432185178257,239.24968616545613,131.4020625409604,280.44961376751394,16346.054736626493,0
1087.1574479423375,535.2874354219398,18.836468684589704,20.373422962981437,39603.78158307428,0
3952.7493698904636,453.04406033152213,72.42361265283341,186.4768898901529,1268.4480127833144,0
1435.8216945491822,922.1332800481158,64.44689024256922,64.00469191347176,37546.82840771021,0
2376.1965303940333,830.684682824786,95.60181087526291,133.8764822198312,30671.321974674895,0
10719.94825276876,519.7174849851482,118.75261959465577,279.9719035342709,8521.478297980924,0
6383.149684218575,951.9917627263309,135.13206821373956,284.09610541567554,20130.25623886461,0
3985.2869276099746,15.7419893722506,77.75148720248578,205.99906245169518,270.08853646479383,0
5864.219903081368,146.08774262334347,95.52741080731764,250.00202879097492,323.7841687172586,0
3644.150909701948,331.23653760975077,118.44564992293017,246.7130921724695,30318.558021869474,0
7597.360974959531,755.286977089483,140.5056479767785,320.80062229519115,24157.188831006104,0
3525.057603042639,718.9774970487305,23.35114134281791,25.801298190705914,19196.672839506755,1
3831.268261326648,896.2119683636774,100.06687269799643,75.50122085841713,35157.50146464251,0
13159.45076299573,2039.7902165986077,17.557856585860947,110.70741677276118,76418.16899670871,0
6401.984101764556,451.84400268650177,110.64921169375442,219.54043777675685,11091.128275990079,0
4631.803893511358,189.3173841032849,137.29551996893485,472.42934263471045,7986.439200833782,0
2049.0760491939673,46.130742624751576,82.38059803751975,137.9432629784785,25792.65378881749,0
5207.734645605475,1077.4669451146456,109.82155454607786,139.82901517597807,25126.37813408976,0
7637.011116962083,207.5124477197495,91.22188256024286,225.1791764347231,9953.896099163607,0
11.998741943444998,579.564177301513,10.393279208429625,92.5282799426324,25526.794621909252,0
3969.431395400511,732.0363622331982,111.7991560743654,231.8919025322648,21990.922344435323,0
2692.4981359206326,1114.3658971423051,86.78807665786799,225.74359509364655,34963.7538918919,0
7578.218336670558,612.7021645387895,112.37949137901569,155.24283603269913,14917.014292195521,0
136.6607384371091,80.68141362706329,35.21665573221087,134.16043867736113,6763.227115806334,0
8997.909984091253,1145.008729204147,44.19559046238058,49.61149851769626,58605.843248760895,0
4025.6629161465667,1190.2971168018855,162.50116333427644,260.6624670405819,93957.30046696172,0
10607.88241516535,777.9734667905312,230.08007826033645,490.4642831474372,52240.31177164038,0
5105.891397987785,221.63590663302756,116.90010589699645,204.8664010256415,30938.217650949962,1
2406.716627815145,310.4020513851754,96.73310638652929,231.93085942819948,19896.234672541494,0
13434.060146084052,1310.8217454755618,157.92704564426168,105.26672400432179,26537.29480212406,1
5594.251233653285,128.91032975856425,111.64969489836957,265.40286605099914,13400.044874018868,0
5934.757830318436,148.0075871765271,73.95627091583518,196.59071264452766,12116.92333589523,0
5661.563854463941,296.1041540593946,114.35950572620605,265.351936240545,16640.747818256783,0
11142.873612817539,172.92251105656595,150.2136983674996,330.9994230178452,7539.915224782959,0
8549.273615351447,209.78877277668738,99.02638290107393,19.045831822198494,21107.99819907106,0
2901.309473460663,470.88596705817946,136.69266388157376,469.6843863877459,15669.153803938207,0
16686.82657819155,490.20070769249895,154.78509998445446,111.17203359991132,10065.83371342871,0
3686.521511911063,1442.2061640567738,66.35560847975688,5.606879184214542,53757.47503943014,0
102.1969553088411,653.3609255628191,52.06667590105535,64.26492285854724,35619.652245080724,0
2209.054510405086,588.8644186535837,108.95043641137924,266.1269671952821,24961.436508096078,0
4491.545296380671,53.83567550166805,129.41276280457052,307.4703652465387,28778.16579002852,0
1653.4227385847762,228.84920986408366,30.18385100025275,121.82157854670905,15860.212478848553,0
164.70119959068302,1625.1054172896145,70.72480418514813,85.02172940955286,56162.32383520127,0
20729.527310270412,353.7896626423107,167.88316928247426,256.7212099554774,17489.803212294515,0
742.1916475851724,539.3861092090826,89.52062512170959,143.01740403788344,34876.8149326167,0
712.800435040293,1069.62335305911,1.8271156230424896,124.86125327531266,41080.60230631421,1
12915.805394627581,153.99924383250794,115.1142117437193,95.04379959741058,1955.7243852240404,0
6340.311368605472,416.46262509874725,70.57080235889131,197.1249499975734,15738.48300825767,0
10547.421746773127,5.175907519490735,128.87334757378713,335.0606273147137,10423.589379492669,0
3503.3723974027544,276.84933399116187,144.24571499267955,568.2983760398015,5230.817354436967,0
2657.365489346831,886.8876328709465,28.495510747075876,112.9377082181712,17184.461842417073,0
6820.453954266833,245.0456851315992,115.90878958911789,288.35619288424743,4292.533808540342,0
3672.7142670859785,1004.887656502134,107.29130172584415,350.24207444848105,40649.02904709695,0
4162.262250152636,506.9909493881524,148.23688745797332,504.4113731627035,13491.316900043179,0
2277.966805080549,209.00870059175315,92.92964666382976,254.36321932636156,14368.021840040237,0
5058.780864466997,408.5610174998235,63.806282336284916,145.0925276070412,6705.315523132467,0
3199.9700396041926,210.40361562140362,63.07386529168569,181.11030424283695,3852.3649221103988,0
3152.247390448395,526.6287158496249,70.87747833423816,14.36910757287746,28776.516062083585,0
10161.38613180029,236.02694527964303,180.78956409964874,612.5755239230259,5428.599380037191,0
2494.4599491840568,360.6345576737298,35.555269292894366,115.89999854489818,13872.407459610858,0
1779.1229166629887,946.3430386687918,66.22944897388857,81.99314737039964,59862.101331036065,0
3704.349194474792,809.205143004874,59.60093033436054,97.37230188762416,37801.57650462409,0
4074.9071904486536,672.976423507731,32.99932564726501,74.00951255658711,43076.99506777966,0
2117.207504071197,1374.1304275526354,71.25106237474314,83.42393391434402,47625.832435093704,0
1361.412379819135,803.9319115882727,84.17686356597795,102.24787067889767,31031.023610013934,0
3522.6702436451087,430.70726877075793,102.0945781431708,261.0994296693013,13179.910885018508,0
5264.199097718305,186.73548203945296,97.01412614141545,240.42057565653982,6165.107891249395,0
6084.5564508697025,667.2866973635665,49.655148760793494,163.0389225107945,26395.83326025784,0
9223.807639211398,504.2936181589986,108.16616283231492,82.52812423868463,13820.376621833306,0
2731.1259516456976,946.709032794043,82.66661205569959,87.99225743012457,56794.129545951815,0
13728.106367695784,355.70102781758703,192.02350077614432,412.2646741688179,19815.819258708245,0
4590.029133652126,322.13245667748913,55.151778954929384,156.34580521909353,14296.95990255929,0
3099.5268024817224,520.4546587705321,17.773965863880793,101.81419279147207,30224.854792983206,0
3521.851704093603,63.29665597066971,68.71473486751373,57.69278523951729,16726.623517723398,1
10959.461317560586,215.56147890614767,228.04868552644163,503.3667850252456,50245.29771476674,0
6677.394119619711,605.1824762109298,82.59852986804778,101.68090110455621,32638.542236357414,0
6925.256375395152,925.9790571257765,176.24637451254904,289.1632354679872,87588.24085244646,0
6949.886457289998,531.0174127413823,88.19971149314335,248.255828499561,17453.14353370435,0
1751.3965351764973,119.29738956056926,14.363757306951225,29.734423922653193,23853.072918636055,0
845.6260149679354,817.531884483981,57.38511283713916,61.30720661894813,44222.21783519873,0
6910.46736334228,71.73425359785826,121.23234251856029,308.8204560399074,6655.709390938751,0
1326.4312231694066,812.5063203382498,82.89349436569017,165.48196575648987,20208.896348708135,0
6833.009994969461,268.3017276941458,130.05050168083943,264.4812413404392,20660.704349004925,0
5959.702979483312,917.2553112100462,48.130407937433255,29.663322058182857,49759.52081616358,0
13764.779581158557,881.692844804106,9.600815532035936,12.742235548064663,61339.61970240776,0
2181.451627984422,904.6633341625894,23.594097767961664,13.26367630382206,21956.006843782357,0
4902.1296243829,431.7801280283462,118.77548955905726,277.960487649014,23909.958812831028,0
21377.830371002197,197.76712223452807,170.92698396974868,175.26849684508866,6809.655030512149,0
3837.955770054339,270.57797240319945,151.52495830176227,541.9590952334228,14111.362413866847,0
462.05326215915466,884.8147519912013,64.74069477040868,84.60139219215148,54140.59172312242,0
9632.748981241957,34.52481302831336,135.14002346272656,347.24436138808693,1652.0865129599606,0
288.3481483155816,596.3445223649851,45.15263202549057,9.25334315101447,50877.638164430355,0
6298.4995024746,47.64084116242259,107.62233016252121,216.1802038941599,12834.577654250588,0
3642.7870187566205,346.1632905882465,42.86846772233924,144.786455055748,18225.47879437665,0
1818.426950079288,507.71642004953424,45.75425536407547,141.55229218166346,3737.9598182448062,0
2866.7350851073256,342.78474621876484,64.06632406091023,182.17290343942824,336.683309922616,0
5660.312118205941,977.7882628802847,60.07613029143978,45.67675446231003,56082.99118772387,0
11997.0017259508,324.0225485345225,203.535663162272,440.9062638097064,30982.403924035352,0
6835.50981304715,233.90106953414892,118.89648367896554,282.88541142032886,7856.367039073913,0
2081.411029625755,392.23459006764034,17.23954082113524,48.54356736720935,25674.181962287676,0
4614.263952540438,10.706077685445422,98.00203855599969,190.16144728156686,17154.907335316107,0
5595.13907912256,392.7650321388578,99.77189257382204,251.7148616941215,6476.057618515721,0
5255.749095841718,705.2371008314724,92.58694754129576,14.486516447629725,31074.757825145167,0
2399.3941599779555,1240.1617455403798,111.20937942384518,149.5698372048367,73164.81394902455,0
12365.724635783587,93.50962800565753,168.6194603416347,574.4981677435658,20780.14345790649,0
5542.5177743854265,339.1575385847931,127.89678783227941,329.5826321040797,15387.626187037706,0
1303.4283437931108,224.77668927266427,79.44262425678302,211.22019065184287,14113.275444592004,0
8097.305708899285,186.58439801013327,116.161089881472,279.00759094912183,808.0909705354088,0
3915.5568093527745,438.4508162441241,59.17683513661786,159.00049897992898,36804.101264340425,0
9162.069935674412,315.82594235423244,161.36667989659995,471.25417627701415,3804.0070585168405,0
2412.9533632568036,687.8830528045885,163.41233676301061,627.9569909958802,16808.086282234606,0
21050.767792597017,365.20167149305524,156.8399417607889,255.08966923618976,29039.314118868897,0
8227.260942960706,761.2017964255143,138.62299365259437,301.685662416123,21899.00500399283,1
13150.819911687455,624.4768061275939,160.60280218597396,341.50127633934835,7182.69013581827,0
4048.0372589885474,310.7032928328315,48.96075019896082,143.92015234452265,15052.824282326452,0
4148.44304901639,33.06737841206106,89.71795903550239,229.66107983627603,6398.826877078307,0
1536.676049924798,441.12580773740433,44.456375262141655,6.466624274323898,61988.68780006013,0
5131.450810131664,282.15592537239604,147.56248028338294,533.3617161915108,4478.729657707126,0
13939.287730960927,16.674864176102403,154.0476340304704,281.6146923883217,1901.570631754268,0
6264.0257759392125,381.29484943001665,143.3314789970182,313.323232427204,32838.5723868036,0
3081.6478351778255,923.6594691503254,84.2613105987423,258.8034451368436,31026.960270891817,0
5527.601289438414,545.138260587992,98.9698943456516,235.65688832584362,9648.115981127608,0
3255.6613679829597,320.58351680262115,50.62198107537575,140.168335138516,8435.748113615304,0
10091.565411904021,236.2873323355036,253.8156388444443,541.9832953666452,72509.90325796607,0
5231.468624228457,22.909074648261395,162.33714094506254,368.9922554242761,44920.128758862455,0
11391.365756985762,240.5345833457457,143.70984859733704,327.9346530054534,2132.307247030578,0
2362.225160737604,1087.999126342222,27.248133021015434,4.558525173695259,46818.41678630645,0
1475.5252952264477,718.6118597908139,60.973938262240864,48.58784617248817,51715.95834273063,0
10710.85332189458,526.9911682516646,145.22674244188747,331.11955573220973,631.5677597561862,0
3936.7572778852877,569.2620152231912,55.180556392782066,28.78326854675997,47328.51240182118,0
3512.888929390705,452.7983209053365,52.382466415303114,153.068981296766,31852.942975395992,0
2284.3579294952706,652.8733885566315,20.365746403280706,29.874603537219684,48397.415730073895,0
4432.744723794876,645.670516064043,30.62812399950834,85.1759403534162,44839.76362142359,0
5041.107093809125,477.17489355129794,11.669396153671087,69.07852652072262,41933.15001303125,0
3373.2574476777777,1129.6702643039416,67.31980574610253,90.10066198564323,41924.843316992046,0
3458.469910840052,816.501837511372,161.71728770990566,535.3241296833568,22850.19224376502,0
8363.155850428975,1506.9032157630054,23.97310230564259,151.50577801861004,65260.30249431166,0
9242.334518529095,756.7579695412747,119.79767411620955,96.17230844628591,20494.94833505596,0
23218.10987781745,553.2346015794295,200.72897841732348,415.4448462621168,24726.3532231036,0
13161.863306212881,638.3772836235408,155.37400372494656,251.08367901748585,7744.824370009329,0
3090.5452607824104,1408.05738002162,48.61883189842872,107.29296848807266,51938.38580501589,0
3944.6796237949256,617.6634946504487,54.58539549275057,89.23623722115974,37141.35414808206,0
9506.823187345035,1064.862258658489,181.8433144005715,501.17269276414174,25321.155180075453,1
9378.067313776266,801.6369808514642,78.51166327894704,212.3967991759613,25307.768382131166,0
94.25443199781489,962.2032891491169,87.96995936812084,201.01605194102615,25244.213263453294,0
536.104886346269,244.573865024092,43.475033554777475,160.0384706628851,6597.288611341279,0
1699.7838690791682,164.62320119095864,57.80884761160961,177.42318349051254,35.06249564464906,0
7849.631055772579,431.0512653207318,97.33705496904807,244.4320674804199,7027.9158572186825,0
420.20167084377545,239.37749811229548,85.64807248160356,218.99108524743076,23435.83174972815,0
4660.226025664005,439.26032637441006,61.186534816622206,163.4911040175936,9494.408088660437,0
8864.382489910446,634.4442182633371,155.6808302151692,379.68375667844276,12295.818029239865,0
9537.938845443918,491.14527690590705,134.0602532470533,317.46548148771393,604.963054042154,0
1717.7388370833778,606.5095460282,120.70479869791217,382.07068077495467,28640.11303031353,1
2126.4045286965675,439.36247733037607,77.94475733428486,131.83707768232128,18949.088073706225,0
6970.620233181136,890.5736669644726,169.99415145562898,401.85473576800683,42954.402304643736,1
4084.1930484140444,1005.3780880701377,48.69952012499105,16.134159887003023,46227.3810277178,0
5388.188176884091,406.11982335829913,101.02625964286946,258.43858712651587,2299.8704654678904,0
5784.47362181272,1347.7552177094929,57.02028483385329,17.882127125183025,61312.364090454066,0
7183.305350296655,937.2877590397297,37.60866931990371,115.64641348197898,34384.267724465986,0
10321.458430322413,140.65896427413838,101.40683586161407,250.7955949211053,22087.939936547114,0
10702.446230123824,35.226724130852574,121.80289558864945,206.87978169824777,2374.4772325180375,0
3343.5026399674707,486.77279282137897,19.201755351329396,30.634205342614337,54537.55275790596,0
2039.9635324934993,620.8351641564028,130.81118013940244,370.9597596283588,29407.16068514456,0
6194.266145833946,138.37308377931325,140.3453588038357,312.33827054335643,27118.558754793492,0
8117.630844554108,1121.362951814158,103.84046030061312,249.82736516535888,34871.30972292989,1
133.84590368513773,615.8894325615838,70.11588947555003,22.885648552788894,40175.10672001011,0
7877.937636124817,956.4586194036062,74.72666895867242,272.8146858067688,4976.724354330227,1
14082.18636282178,468.944687476517,147.67931594901754,274.7645980750816,6959.148882597401,0
6023.516578081988,1147.4562240145708,73.52261703501111,175.8055552696314,49089.36761295789,0
992.4517469613284,748.5740958914614,9.751866789873095,45.31041883960356,22035.54830149414,0
1375.5788897823963,638.0340931695204,55.33168459679945,43.817543100601306,48417.93925264684,0
11289.168241079658,467.9854739324559,77.415039464342,197.21142892904427,36971.489981853905,0
1148.2630169443078,847.8108837820511,110.5954769745237,428.4316523814538,18440.246941629874,0
1935.982917612947,17.868931222179384,89.99604729235206,209.61080373717203,21844.4053307535,0
5981.865061919253,1180.6800052405765,68.0062384520701,150.32088698333456,76537.58138461669,1
1693.0305293875872,569.2103484331134,54.165583459178656,93.84339994486822,33745.822970461115,0
15838.88498218722,492.24719924603744,181.49252381730378,530.6478882467397,19051.726112197524,0
6980.901980474859,758.031319826596,48.42149131194885,125.20653232008209,46288.61536525909,1
6031.821940588257,1321.9247772045335,70.21766945983924,98.5840585167436,56887.416699573165,0
14169.014787791697,196.17027627114027,252.42449787752776,548.7748018474169,47545.935423650946,0
6276.873661837641,518.9763424961169,54.552281322904044,158.73891919915647,23353.961632409213,0
7721.827871418282,1257.432020788604,29.042076152067867,96.82946811625368,40131.72997048133,0
4238.019368159829,495.4882912311543,91.72084288828037,142.28008555130236,17649.37583969986,0
8737.031084110276,613.4771435614866,140.33987633374446,222.34125655498372,23518.277364948848,0
2176.8512331984,420.407825873851,111.86936653166194,297.4327761691872,24106.358281256555,0
8765.455003717267,379.24449835767604,73.36931316599052,183.53189228041998,24964.862048919582,0
8753.223190538618,1529.7308644746352,79.19054992041124,206.40126913382198,62260.93470018798,0
2564.1641430334266,918.3946838131458,142.7800120421721,688.0080840248359,15091.942671221668,0
2730.5818362618065,809.8572826427215,76.93210326598624,104.60293242293454,49926.57833842234,0
215.91383969376568,1188.349024417424,47.48203815900056,29.296236570131406,46273.594111044826,0
4058.0835649793057,1114.3069256672459,95.69464389007423,266.329566981828,44481.11306101345,0
15582.927215452706,320.73265519779824,163.03509103447607,295.9031969530207,722.1047957827232,0
1456.9518668133405,350.132765184274,102.52061274141037,215.99830720841788,32709.91166122599,0
1162.739314168185,460.97896308204406,4.694708054185002,40.87306749342257,30807.43321811493,0
13218.32920116469,388.10380590104785,153.10604895832705,396.2305929803721,10119.03221222616,0
5995.0344538114905,425.0903079213851,113.34348060461771,139.05712525986164,28478.464273735328,0
8427.172124701117,377.1296192399447,140.38726913026898,316.9403762702233,17406.628484536377,0
4511.254816774324,536.4597464140606,21.992719864223965,97.90878960401116,33597.009518176965,0
5501.62948491966,280.43681034420354,118.2872916928832,294.54241754816445,12675.80680974564,0
7914.920830204925,239.36851286357285,137.02241207700484,304.89740567018595,18141.899795918347,0
5059.142981010367,350.9768753260096,120.97918897355095,354.3695114639077,7875.7957702331805,0
5777.164468473601,831.128769817888,104.83895185169956,459.4307870462204,34519.442967000374,0
3463.2818234135093,751.8381640422327,66.7722143913202,187.61183763463495,723.8053354408348,0
7466.129901561484,561.6457785394873,128.04359430670158,331.2433912173191,2937.246368386073,0
7194.375948522556,218.2358683999411,89.00723454789016,77.16707096459086,10527.348936082406,0
4457.0890717504,774.0662194312732,235.87077272885273,515.3595213763186,88265.16831477832,0
2416.6604389853633,615.4785622888633,66.96687570867704,140.25080042387103,31965.62061642129,0
14544.075454566497,446.9387864656349,133.70470485314482,77.44540278237918,8394.071901464427,0
8186.182157769337,614.9105182720297,107.85381843940874,251.9040961291962,770.4591716722334,0
986.2996405292121,1096.4876079973028,67.21614516633768,68.27404936958729,54538.004788510516,0
10416.590723698628,363.53858666036854,175.73590451559733,569.1870808209588,5624.7924299078495,0
8782.632511673812,109.11357995724582,155.5225665078897,418.38212265294334,10198.862370985431,0
4905.814256252392,96.41151002888947,102.95478993208373,255.8474137784807,10595.162601297623,0
1086.3949111795555,252.67795079246372,77.88056330305795,215.40262211749712,13070.48044229142,0
1949.7886388458082,541.3468980138041,151.05616379634148,591.4403884741903,14790.760388400482,0
4202.476419079975,191.2772256111773,88.80559678782652,234.31065070214714,5620.868798925831,0
5293.687768534706,404.3064195325008,76.16649937483454,201.45330129267646,5504.220886152285,0
4804.907384435948,320.9423221717036,132.38996632367935,314.3076188021949,26121.12950796191,0
2352.261053361192,937.1802977221985,88.70914172108331,51.73120486047495,52527.09134514101,0
697.7837063084232,1102.329280646818,81.06908051628295,102.55578813492221,63450.022660331655,0
11780.911900136778,73.4782033127557,156.75316842621154,383.07095179757715,179.5180147195597,0
7967.719209694003,1458.5387235447822,39.26154328232191,54.479705354893596,45424.91687777977,0
5695.722961290705,930.8339232370964,52.61094344579425,56.38081166307636,48134.533907693534,0
8148.77809288149,567.6396386045171,116.21391278710064,277.7464456110265,4284.492176467631,0
5936.731439242914,894.7834447927465,42.1134691519679,127.55300799234413,25401.378018814943,0
4855.464911629565,1062.7155586487886,42.56531566281352,113.84992007833952,15646.520232187613,0
2945.235385105812,333.6312265677396,32.547051976260946,129.74967084463904,21478.32298001721,0
5679.680726146878,547.6662952556746,144.50678928381348,350.2228573559972,25153.501514294396,0
3872.3149898490374,801.7110882925981,2.778226319700181,60.206493423778724,44959.62819100345,0
1827.3053308001818,795.4894931732383,13.119364573829781,212.7968002140722,23259.33975182476,1
11773.112361364309,313.8687718023975,136.04607164223899,258.9143341624926,3193.160174009595,0
5754.162571943729,14.336115332714087,60.179425197146976,67.03997777688983,16037.727297820242,0
5053.416817922584,49.2076732710168,82.40743720537905,224.99015579371292,4523.508191229226,0
568.81145045896,575.049040627186,90.95255888153352,176.66496208241495,39540.978599845526,1
714.4447780730153,425.36881504231053,47.54606388690765,16.858541533645322,50653.7082781645,0
5652.76078813722,8.973904297675944,87.74570008100025,221.5458575488911,2885.287014956748,0
15640.598657312781,406.7194994626686,138.61180976129748,131.97057693755866,1459.479035519471,0
6939.63809770151,1573.2952622524742,27.464165267110033,178.709351799957,64203.56583854742,0
4255.732737868892,1445.5542299701178,41.4265565149182,9.889027967495913,67133.89245481743,0
4232.549722885612,721.2700071645729,89.01521538559419,32.14866892203456,30723.562591968635,0
102.63807252555125,634.8889621796068,21.77698618551036,3.892482253018855,33522.892462164935,0
701.6610066583676,2139.0219616562536,136.09050022956643,600.1606892125194,32951.25528173407,1
7714.229448349302,485.3336882488493,180.10044154660423,392.4458984812255,46690.43202429891,0
8555.654583522088,179.29992519361144,132.17731475757404,301.56883529993644,10226.794486214774,0
4679.79435499202,360.361014582953,62.22273800586055,177.80448479746545,11412.545678387905,0
2902.7861708363475,202.5168323634682,124.45816767247968,450.80049901906295,9251.610948418289,0
4597.173691601565,473.72958964433303,23.01668715119299,10.612747094090565,10377.508775332553,0
3014.154966350448,898.8574818352099,71.3894725563064,33.233766357266575,20114.160396065457,1
7463.6620456288465,335.0321151931007,113.21523059186444,617.8304077334676,15230.195858746973,1
472.8013072545298,787.9271854327584,40.76040548135903,132.5763470633159,7882.520441871601,0
3610.260367430912,1255.4040990019291,62.35428987527353,27.216055346511126,56032.716891033306,0
1863.80934109395,242.19737641279457,4.920696254664051,14.447200898967736,14702.835222157017,1
2534.395556064865,537.69500029296,24.69104108963178,93.74387976445689,19371.543020426965,0
8984.539671836634,92.16590897471418,151.03107266474032,333.8044592740717,18175.931975536543,0
14967.0602314979,170.38715296498378,144.46846763191317,154.26012238883678,5828.247222716081,0
534.9723237181288,140.53779225613974,3.4002753219084356,63.15055034839257,19512.89782639763,0
9133.033914864802,363.624417858688,98.53100286677488,138.5208094635421,2169.3722807838876,0
2491.1494512912423,912.7589142358786,73.33570200326534,41.25982324899318,36267.08868809047,0
10394.297984121527,1630.5389978781673,72.65725250866022,271.34000171030254,54784.036726048806,0
5855.207881712131,632.1282482044775,60.65523519118567,168.59580899670954,16171.626569787342,0
3289.4387963056533,898.5120064212159,72.34434632197659,81.80224531363503,37249.63938734024,0
4968.778690683857,812.2049454913563,88.95644284912656,36.961143925655705,25167.498465226745,0
7549.624499572961,707.2943073814555,104.37093011311791,61.181199320151165,21689.431726961066,0
5103.999115481549,526.1615246943143,71.429765757649,167.47949480836772,47533.91013770015,0
1542.4198678620562,928.3390487061315,3.1652656899903064,72.7791618043389,10188.506620034655,0
2060.9182460712186,488.54423907735816,91.32965251172686,135.2839605207953,30659.02662195596,0
6977.505537128509,615.1871553695605,136.42610958896313,396.5294858558925,2858.580293026587,0
8446.25248968024,92.05666738396764,185.49295753578505,397.1061026377138,44094.779791196604,0
2197.4416935079958,1330.675599441482,102.67120279866346,210.24227767082272,47597.11446977673,0
7274.649540050277,8.07563752432219,143.6758185822867,470.2905718008134,519.0912944225711,0
466.02785283183425,1222.6565138218066,79.12828976919656,41.86646996328405,43191.453400949154,0
13196.113558913057,1468.5604470895748,20.88351040947407,313.8810800923268,76901.41460327574,0
9019.889802507805,602.0902401949035,118.86507039818561,115.64513576696461,18933.448786123452,0
1917.1268927552312,922.8481551433305,23.873964736378763,230.69675618540043,45179.805095434196,0
2497.750368031517,1031.2783050081562,30.25102659349664,14.022620071204962,49240.80979768456,0
3978.4587262808936,718.199710658309,124.47058178059137,264.2813861788734,28579.801354464296,0
1526.8969618044557,504.6105406239816,33.59590404286717,5.401570922427368,51758.463414197424,0
2039.3364838655361,770.2504078265036,28.79736251370901,12.340768394199046,51198.0118302595,0
688.0252200831441,659.3721888424469,11.35834884039279,29.164752054348625,23320.21785899848,0
3789.8133263500713,501.7636131587863,135.24300620019497,435.5847512886912,14421.70823558519,0
1198.5736109853,842.1610124428571,25.236557587545988,9.697071720543924,42325.01390327288,0
1817.1248410156159,749.0141147191439,106.71168420483193,228.864354120242,29799.593709824476,0
4412.608720660677,587.9318110374695,71.1080664497198,184.08721902838766,40362.618196065974,0
4237.586433722587,1303.7199184539543,2.4602947748329473,51.79636893046873,42000.41184684589,0
976.3659773865372,601.6251101197217,113.06957307072035,310.0047356472636,28767.50208466708,0
10654.278334176543,720.7287463072564,121.24743478209665,82.299532637244,16275.03797275867,0
14545.980631473802,506.86610713698866,223.60822247379608,465.89235440238394,29853.8086429342,0
443.00733941793374,1202.910524650917,78.88576486001787,93.5374587599632,63601.11392281944,0
6912.284813968472,154.30851940267317,18.545717859594216,82.2980733449746,50423.055619409635,0
3367.4901041825897,800.8219419000977,102.5094011498738,139.66631277192027,30708.54589156546,0
2600.3752239860933,231.45182491586434,31.172138126805038,0.3421522890309632,29100.76520383016,0
13661.181590807524,288.6252106952728,140.47153258982956,196.05778589044345,2245.0802783848676,0
2257.8441267541407,907.6298359733497,33.33770034610489,5.290613636965787,29160.85062502203,0
651.2375580004125,627.9974052656078,40.15037270902823,141.29406747335412,9987.670025082012,0
14437.109150306675,259.295015231263,168.3826467831943,381.3647958459077,5141.929555410525,0
3221.865902536045,751.8164135690303,95.85311876312407,80.78583861781956,34904.121328321955,0
4134.153823635245,502.32110243538773,138.1418440276269,414.041646093841,18462.280861656312,0
1250.0769120459056,503.0681813286435,22.02136962964622,98.3393500984638,1484.2153833755865,0
2472.911035696123,768.1124650381731,84.57314272558654,182.67634232179137,40735.40002221775,0
4770.084824256527,412.99222143069426,71.4210889179812,191.52312939949198,5293.945298073357,0
10824.618391060341,593.7784423535089,106.88852979611433,84.98318350358161,28981.190850489314,0
3475.2840384466635,416.4024800577836,40.68396993603261,148.70812339316618,19405.490933455778,0
5554.959605055004,503.6451054545589,130.2912485791337,316.7093442040562,18374.416346084494,0
3779.1834828467927,601.7340193350218,54.54222775295339,163.99664323622588,9575.34584722544,0
2103.4629228754584,617.3547969294856,76.3648253802842,114.28762798495444,27552.91531180839,1
474.39219243686125,164.6698485693858,65.23381184774648,102.17091514870745,28434.964784638247,0
2811.738902636388,698.1436379082079,55.23217847941111,23.692241588439945,48298.49238362247,0
3635.0795542134,994.8722092244428,129.67699680557647,251.55689155081353,35344.34674280274,0
10109.00392561159,436.34917550383625,94.5387123357245,7.0036665651890075,10737.096592614358,0
2248.9134553574813,1100.820142569682,65.17722820635085,110.71331557220768,30656.43451245875,0
5989.095741989408,1342.0529448286022,23.61234878040607,194.43676352176487,59357.54520983451,0
3397.062837363558,618.963439202487,110.98889361564713,254.97393848759526,30099.452474684786,1
7736.939084694504,554.8446496886218,97.93740055763848,70.92167090926145,14298.225622913766,0
4306.314217638416,176.22685334218582,78.01533739433879,192.4219650309178,825.115161227166,0
422.07513172756023,1324.768709679984,102.43113469093586,145.6371847102118,76302.39885289896,0
2176.051982987325,842.6104237169138,77.57913245081345,152.21887235255207,36894.25490235345,0
4345.379467070153,522.369470032365,99.63373933257344,242.66797806379287,15657.702833460104,0
4091.4399671976416,853.0907500757428,16.692468027387,80.94892404294,31289.92995934961,0
6929.522003925318,314.61137118620536,119.58180874076345,246.10099968127872,13098.06611794591,0
1970.0383886286872,882.8029534647462,54.20991386229352,174.03452083651257,650.4421851446414,0
2404.0830106731723,340.9230748226088,43.85221054371448,38.87812684990555,61977.58097934813,0
1644.6825554030793,654.0127005669954,61.73713234015387,119.23497351903025,44278.049825379996,0
1267.0525145578472,419.79177290010017,82.54798979399285,154.4308407564675,38856.43237095839,0
8510.917687735839,439.57138336919473,141.82975658775467,345.54464289905553,8259.434943078086,0
9723.275523975608,45.266841048432354,205.8843254379868,427.3020388417156,50526.24369611902,0
4633.295424169062,281.7597327424973,53.00424009361608,144.01855960467353,14865.878638395461,0
7838.341844142797,962.9350980849226,88.00688674855533,317.6718085989694,51797.04687055191,0
8211.322194763392,75.53779561012577,159.10305914457012,361.85664421515577,25655.899277940887,0
615.4717317273276,33.939084641914064,30.83610546124703,111.68572659210511,9190.241965517314,0
1390.3264847745381,953.9875930703757,37.22406205826984,113.3680829522655,36021.51610903153,0
2240.3467836592126,852.2193617998163,95.20232094855737,126.02881097809359,32138.62534710685,0
8091.716817225755,492.15383324233386,140.67608215520247,311.979686345833,14401.138913248458,0
9126.540527483072,197.76825459538287,122.86580147840131,78.01593712026539,30563.90172471325,0
1276.661271140657,217.80627020821817,8.92011546399328,63.906955034662445,40525.09470980854,0
3400.1795092654097,390.6713206590665,35.01023689099197,1.0291954555556444,26809.886338403205,0
1155.1369811578156,622.794678656312,37.34497424882714,10.767943286749414,51453.21591659726,0
5744.457190693231,919.8690502627943,94.6557813359932,44.0399708466459,37813.839295504724,0
2432.5290782310185,1368.2046606648946,55.11090510865847,51.267680973537246,45760.581441534436,0
9397.239035635874,619.2216491112351,148.51059780821373,325.9975538111206,19612.292839796013,0
7397.104687168474,278.8013669340669,162.67041238880012,362.5611657419224,31992.592845989122,0
8703.515477719688,1095.6568046602006,40.18169582030411,19.878804252934003,64383.82407802152,0
7127.572330607085,1042.2859513262247,53.88481888763396,13.863038816204835,67459.61232380316,0
2908.178525472159,617.0944266450272,17.3193820640656,19.218461895210524,47718.458934111164,0
21309.410081777572,129.72976872629502,143.7404855176248,5.339315155589716,5382.470715337808,0
4268.598976399872,810.2834872874822,61.13452999929689,48.80584170488814,49883.35587626109,0
1195.5745159717521,1070.595275010779,116.79022727819412,249.1078876311886,37162.35685140312,0
99.14062227938257,827.4921611612892,41.58070380230042,31.405376582888955,44792.68532702209,0
7743.67197421452,379.0985563463268,66.81891359739697,167.38785681612995,22699.434621877084,0
4811.435378237335,1218.618489655941,28.702852124688405,233.13198854612313,64214.07131686243,0
597.2427997540805,644.5495332753289,86.0755368194216,111.44436548597882,70325.04070653427,0
4283.224294372848,13.424705538766219,94.43560496226277,242.46431907895845,7829.10397329907,0
8099.506218688382,37.16165837412635,184.24248905909616,663.9469093644159,2711.7305178982365,0
5585.864515320097,945.4750600952963,80.16626717896305,196.04379175257085,50933.28087514301,0
16970.16736180094,285.34034786126557,206.1277814190591,612.5731805796644,17028.897189054078,0
6636.913740992507,379.74982981661566,41.43199502201108,2.8243720045984446,19447.470503935463,1
5112.201692875715,721.4908903128718,7.189043821339127,66.15855795080164,44303.44790898115,0
1022.5481000395996,889.3632618573976,101.77841298827802,219.4829678278566,30261.144504739223,0
4935.9858447570405,647.0983354526078,113.92422294445677,272.33279589465036,12814.99872532285,0
242.19521528472194,491.6400620913744,57.166672990262754,62.424279256733904,54578.7467938593,0
8022.804960704956,56.92776012351672,105.48154687756265,265.0306230012377,6309.091687030512,0
192.47206228772427,606.6466973361171,16.675110402373125,26.913742747955524,30966.431926796344,0
7443.658788303035,13.185491365501989,106.99906866244118,268.04914913842765,2435.016292229835,0
9036.028376888537,425.0084586787453,118.52431508412349,143.09124014901502,15489.27297844179,0
3373.245884118878,1765.9263865051084,68.35008127016914,73.16211931088752,74757.15262956894,0
5705.678135080603,453.2381524021725,68.1492288629325,122.12375500640205,29118.37192471211,0
1212.0815719866264,946.0426193756293,42.09597961774332,26.347801343774613,51493.206014260446,0
11111.11585392583,570.9873353634264,183.378166492775,435.69660041000554,16696.406758873778,0
8347.94292130901,989.7029268434551,77.63681989036417,319.71331295477137,44702.51799131149,0
4938.98349822577,170.38604356133106,134.44283573651464,324.1872901870596,26736.542847964185,0
8519.750548314305,21.58710140841599,177.9900538546169,388.53720459226633,37389.399127214376,0
3435.4001026719434,121.66658747798228,110.86723150650303,236.76415451377773,27546.299798270386,0
3315.9871553387084,559.1082888077017,107.84259924926982,256.87104551334244,19365.099966397513,0
8753.07044662418,715.0689229583148,158.2220059948435,390.1214627044625,13074.46606277487,0
6675.135944022276,754.6465646249558,104.9878370922391,114.07719500196359,18655.498684394533,0
816.7468191173024,708.915895960307,60.35739552516113,65.13296292332176,48103.68774598812,0
2891.5214292843625,82.74599561529143,57.38118444599074,163.60841713888786,5472.180728203675,0
9920.252510620883,1408.5182816925949,51.50754831402436,135.42023409784184,55380.51152314667,0
18144.4999625692,187.9324054155511,182.41483845195964,382.31171439643606,12838.158892543543,0
8389.265226071251,176.0309915482115,117.46665417691747,287.01201117803936,2425.2895807921423,0
15744.107564786813,358.3976623644933,105.4619018663408,84.0986878268453,1497.0755650199985,0
1677.2953310519456,807.063501907521,15.093549632720237,16.48171031493976,37051.96482289639,0
2280.5487801201466,510.10300840500196,77.53304523580022,93.56764448128544,23149.859192301214,0
2972.0575900129666,932.2617242545232,20.666042796252672,243.98180116146827,50175.00967872962,0
4823.30887212945,1123.6176888699538,27.83708765075587,125.34066742512886,47450.5860635462,0
326.91476532886645,1346.9601229248651,86.16091144095694,96.15290519005195,73178.92268455675,0
8457.07842084388,473.1343792009442,179.4948123373931,408.031694238355,33020.01071884391,0
10746.723791345587,100.18837520745751,110.12004766039895,126.74229169725882,2951.625750827689,0
8979.51784835344,103.46684026852498,153.77173188313313,340.89223433206473,20939.900497922943,0
5021.732866251007,878.7011674460766,94.89946498159556,224.22799175076005,12819.854880780604,0
3446.1668066644224,679.1036459026492,124.78723155583883,381.2543297829393,14017.615664803543,0
3175.7996926255682,255.54177687087713,49.125044884190096,135.5569772225048,9081.717210172716,0
19176.62469480413,215.11387335796945,117.97512150157974,85.53903562612737,2249.299964647995,0
798.350102011269,162.06818685921638,37.34409049489814,146.87190241448675,118.57323516435827,0
1692.40500043457,34.00008800959617,76.69284766429693,197.28242881908912,13339.339804052104,0
729.8367320646762,144.33705659886732,68.01313560069607,123.97557855757194,20965.086196210978,0
8240.974777696607,1058.5942854012383,146.67178867287777,559.1954556611805,24929.3643830015,1
3529.761989186717,111.03120343888847,70.5254057214608,14.025420968817855,26281.987723386323,0
2354.2778782178466,508.69110151712994,11.401057412589296,230.68316927392408,39077.65435124647,0
6942.294981347388,272.47819677466964,84.48009282861149,200.11168446190487,7876.22608669789,0
5075.494789530236,445.24519307081573,28.57748469785725,13.082596148542372,13338.520812546536,0
9168.310180803539,462.4365686043144,158.52080513848003,357.1911388195333,24133.550815492665,0
11920.187115621684,307.87323269331534,98.24579245892637,7.353703418409637,2591.986560027477,0
13484.934925575213,432.72990268183946,84.62476240446176,113.90868696195291,5190.334617121306,0
1710.5651456219084,1715.7287957664682,80.1299697909778,104.11266955308477,71709.06190667221,0
6251.1602071276675,910.4279425040485,134.84350480965938,660.6186084469928,8611.121510664027,1
803.5032425927077,142.176869852674,64.97231978036783,188.49997597021942,7802.437370740005,0
6135.580728820708,1466.7390857915009,69.93930133540317,114.16477742638975,53817.91119487021,1
3758.204186486971,742.2685039018605,37.40724721285737,119.78815481845007,51933.312992319516,0
6674.420666566618,1207.394190589578,89.11101536587516,258.76086016344357,53717.42573560766,0
3602.2055729301183,42.29196465205411,76.7000009814241,214.33793583539898,548.1239131375123,0
4333.878033963825,1226.425932591157,102.20381338550969,131.51090822695335,56966.195833815866,0
2200.681826647862,620.8078957438714,87.87440313748,133.26085791266527,26133.506539118833,0
4818.36596681659,555.2849727037424,85.06888622223396,108.7979230459676,13095.393867082224,0
6888.540393738876,563.6434821620134,74.56450850219014,185.9434568357792,12442.629486542213,0
9841.79715970216,67.41710275939197,85.2844478759904,53.60082306189011,13523.95196429672,0
8209.71305008791,391.69824195208247,32.666134513134594,116.85961783635946,48566.82390525096,0
3765.2219086269906,727.6790924600098,90.5870432127124,157.94489125187633,15265.318759560761,0
2290.747812076472,120.78229763861097,63.355525034266634,174.67344672204933,1900.6852730609335,0
6448.498076047673,897.7761154617546,34.082568927954064,129.40911329439055,35870.971445457726,0
5800.040837945162,62.11239360906442,125.93686759008659,357.9592900847099,9646.648566168722,0
4410.073526007324,1198.4040397705435,79.44815346071861,73.52743474738608,34107.62684425042,0
1841.0660332989582,302.7789220379142,31.573979180012152,19.355414680481786,36192.53038475246,0
11650.834380926313,134.40632123575116,99.99803840202934,67.19123760433567,2377.5353228081776,0
1253.7556085089332,759.6306381727672,41.64734309432751,16.0434585810044,54183.41802142984,0
8479.462957780184,370.2127183822623,129.38293340924804,216.8260324174306,17481.4334036702,0
11092.645052719532,213.48960969662687,187.26028353400483,417.27149745659943,28538.765754191423,0
6194.724053248244,423.3023375578813,79.11886293211398,213.1144731817355,9550.936931273442,0
4287.852701569031,311.49029858041655,70.02666481229346,186.1957465985537,3722.474210316277,0
4036.587925552819,254.79736395363335,25.666980305692327,96.13517192986606,29221.65879091104,0
17151.444208321005,265.0023606080315,119.46020756917893,0.5530006736137452,2500.6428318415,0
12710.563476607207,99.27021568287999,140.62761755197036,297.33311530992904,6658.52257654128,0
1657.278959437217,522.4971542627504,130.42717780946168,491.83939124533924,13163.743335267956,0
430.41160964665835,139.81938394833685,3.9245304498635125,64.78565588619571,28945.91552238618,0
3153.4607746888487,863.082684918305,138.73620346807527,463.07567869835134,14467.351012710182,0
16168.136748866758,1794.2415064849358,42.07688920624656,168.00648541001405,74219.95031484107,0
3825.837392725518,704.1505789715161,116.97943748820396,280.377343312949,20207.507209383693,0
7796.178013163029,383.9047541979486,132.12156728415772,254.99946351540046,17817.03126312234,0
13340.56534427448,196.22515478789396,163.25006306667487,404.28351808485985,6779.687027154689,0
1729.3950866996042,1555.4977504863134,44.6506131912613,394.13173746639154,16835.695906667548,1
13074.414324272668,181.09488576818393,208.98672010862526,451.3869650167392,29250.94685968966,0
19982.778042179838,121.36166632809916,152.0188773891782,156.54031203676112,15492.958026525968,0
7340.80519760305,883.6474799642381,62.43510949556695,65.23837672775645,65292.94833025419,0
3959.986094830082,894.7135636513717,106.90463620159106,137.5154124317515,31081.4383543967,0
3961.467490471311,196.06082127210766,65.03796814378157,191.62751802023078,8066.409298851733,0
2568.744800155549,640.3769609908494,12.889228144389271,39.302389418671495,44719.89816315047,0
3087.9965829181097,223.91226920843678,76.60360347031994,213.21084442070617,1191.1108598308197,0
5022.671733100184,832.0043092642354,12.336256520734203,19.69483349806002,53666.34843700361,0
1364.1331305275926,1196.0323160250855,8.128952850566382,33.48505166188198,28920.675768396948,0
5672.618733879075,877.2993361274467,104.5432130601953,122.27686267817268,21779.353890611754,0
7635.646750232128,228.13238282717916,136.04222659847272,345.7543043004592,9307.068170989281,0
1492.401932486534,275.9820381582365,43.23112008151347,144.1238791704921,6184.24761904568,0
5581.052708989082,463.18956378336196,195.7984726729985,435.7367111232934,59836.22159081821,0
2186.0334135127737,137.76342074506212,61.56207476942981,181.7764128256736,2007.968414390415,0
8203.943450754381,138.84972675161907,104.49562666039212,126.77275822772296,11843.911037165202,0
15527.689670153577,168.14405803346278,122.70964742085638,3.755507514200197,6143.035445039449,0
7286.369492742102,203.81631266653807,91.13430837969042,232.04981703446015,9151.906836569262,0
6682.1416123118615,579.6301231869999,6.412396242328169,295.8518728053991,68456.60991901587,0
7211.847716026057,465.05504641462596,109.36680742480424,139.6681604173878,17644.871076035983,1
1883.6386841377189,825.8862606999902,85.50712670374415,100.67371440754786,29403.60187378826,0
343.0999749761984,532.8428872802949,80.95526625552793,139.24139592369923,29935.13415484712,0
2145.564843748047,441.9995875469386,109.64915807147042,320.3193379033544,18566.509618813812,0
1015.7762360100169,70.7338213258241,41.96652201668192,135.72650992208958,5721.188443629353,0
4105.282379370098,375.1405346431536,60.47133275886988,175.04683684659682,9253.708553370552,0
3577.5112280392896,841.6340565479383,88.60322351251814,50.083951255834336,30432.608647244717,0
1832.8897291332428,591.182754224149,37.745702458444924,3.4820737624559968,37446.45039763922,0
1295.6648897267128,1486.3493570788153,135.41685810629073,514.4714263492192,29930.346848537418,1
249.66460823291254,659.4154109035475,109.39881744488619,317.65571617728847,30731.34173152366,0
14063.63222755308,397.62203440082385,141.2092557072843,291.7582060765093,9484.311405907965,0
4804.90300992485,376.86808151113024,90.33980058333175,220.35648169537342,7059.325892053834,0
1703.1722124067091,901.405458936858,99.375997327974,151.17753976246212,34736.7623321765,0
2221.3156251289456,612.5549287171735,26.760104390191373,0.4131583356113069,49590.078223797944,0
491.1979073513264,524.814629191072,51.25949282158462,155.99805285955796,6623.872289436621,0
660.2205500267363,480.65069909314616,8.615269559671326,51.234482041830006,25608.394027523653,0
16202.236967891033,676.4554868358249,159.91196361800698,227.72360406080116,1846.3201171372702,0
6289.484969309757,494.56422248407057,91.75059671249927,228.96789458271098,528.8706186520885,0
9384.001052073,118.21290319981662,124.84767653992682,299.6480635879487,1234.2103079910885,0
7249.865135660821,432.0031305884977,125.3536931837178,291.33410898082275,14646.979201412638,0
6795.676013277941,109.04449744309295,221.40331165144306,461.0300100361577,76350.80472565163,0
5363.229267434668,827.1817100460083,170.04908800003298,535.6724610950582,19618.869160700342,0
3824.5686984702115,665.5725890494551,69.68507449339313,151.7460928250802,44231.35076632413,0
5576.095042062684,350.06233778483664,40.54109104176323,144.44419256966611,31135.01706305815,0
3872.0541027298086,1419.4986742153626,13.864998164553942,497.63115363224546,59680.90795686726,0
3570.97172622949,747.4519259095434,21.90914206930384,1.6713417770940069,52026.02384858812,0
9519.664819785554,456.84230597217163,147.82774133965552,336.26085602445926,15606.089583206363,0
11236.059975617107,674.5916315407842,175.95256393128227,386.6882510620906,16101.403927261534,0
374.6755158570205,127.44369744991727,5.214122583286272,57.94312910738124,29291.98793577781,0
967.3251078834629,509.77955754969366,85.07377597233587,168.35920383681176,36706.65441049526,0
3045.1654297619057,751.7096895063862,4.04138125356381,518.645310113807,44941.822150199965,0
7856.710302718095,286.787660516304,141.47010099448076,343.58399277583874,16860.360843458646,0
1755.6296144383973,102.33783441133619,61.14054242309447,192.02464521842552,75.72021269058678,0
1734.9545827920156,517.0970544955305,24.52509456818672,95.18349206523109,15392.98151627095,0
913.6663164366745,847.1025550389372,124.841998520862,394.70384507830244,35344.711094363665,0
4698.714945931527,618.4845284104555,59.052207483319,177.380788884909,12587.090850678534,0
10672.01035974999,217.43290695018868,108.35951546362284,94.84482396862404,8867.573878507752,0
2098.96760043207,13.94907755076055,64.28154753644932,173.82075144179595,3037.438624926778,0
9656.417580175865,280.4254827792862,125.78572735422156,296.05750141992775,248.53332803934882,0
6041.9986481091855,671.276392614832,56.48594695508329,160.1827931425759,19455.78997773749,0
11189.960975275182,970.538240174586,41.25837784723903,142.80005054823567,55008.18460348199,0
6117.455385327394,100.82972129958048,105.96238130713158,276.1075692293845,3422.5530610957057,0
1813.0959948713962,575.5610115311536,68.62103901033196,49.18658713602164,39301.443305261535,0
3633.650206696545,710.1151852371688,102.68655949649775,150.31113042042315,28344.248219937486,0
9948.998297573537,1574.3209449733683,50.39234917963033,14.325085418430739,76577.8423612404,0
5398.54455715435,297.2892354453556,76.47327710243668,202.07148373433216,6638.491700253584,0
9899.702697914678,781.4735995138657,254.34187741890753,552.4922973999289,68727.07378648923,0
11.968834004119799,567.658103855668,36.72020504864395,6.207156495092825,45405.41020903915,0
4089.016221889241,665.7550674064959,47.44767949358602,269.01796481816245,40612.77314101617,0
8091.371825165681,840.2074393423275,231.13421163469846,492.12065146052066,66665.2556531408,0
117.63012180527653,263.2505284456954,2.8064833564626994,57.54523955993531,27139.165246055225,0
8023.382729465013,768.6123104248268,101.80619514920319,246.35721901528973,1925.6967923790899,0
1738.911704321737,727.9980312001597,86.08163352935907,127.18253924208577,27304.07925032955,0
4536.049135152011,745.8638542619988,98.42842346704607,229.07981538625,17112.78581717352,0
4464.242469616557,1053.7906555512668,68.65996549772572,166.09814960531196,2207.964025361675,0
3301.3243209673974,1900.5723087287092,113.18729772561805,170.65904056389127,62135.805489327584,0
312.3785189157145,591.1431498417862,96.18681428601467,303.33676438538293,18201.507687114234,0
1432.501889808491,219.56523042588327,8.731827437431779,81.37678185558491,27990.313659480336,0
6316.957398167968,1562.9734553382807,145.87680335713998,210.3347317488704,71166.00269956893,0
7042.218599210094,435.4499954062735,91.97015800412579,215.22904528680033,2834.9807777112737,0
5940.494186707569,606.8919533448251,145.6420610144491,344.77107457273587,25163.819234112674,0
5358.342197927378,457.7744158200188,68.87159645565126,179.34580921801663,8735.662767618964,0
3773.4056007286945,478.66660614727436,47.64358611673402,21.41209573824556,47922.87608750327,0
3210.885902633122,376.2603625599027,48.508340343145775,93.90541984591124,57470.88158837913,0
3115.897033848404,828.3671203316778,68.04611582689967,46.15252587011696,49997.5170048548,0
12073.920699514669,453.5631841799658,95.73850744202501,104.6687167099218,15790.74428087977,0
6838.363725583614,167.76480273678544,116.6674461950154,286.544345784944,5690.976565204786,0
347.0090863170585,510.68872052352435,115.80376465025635,301.0751794636471,36800.99134309839,0
6129.784089901667,466.75111468792943,115.3485887405485,223.92585950763515,16127.58564217803,0
5194.168986408366,595.2796861399208,21.738561265602478,105.93799889777438,38509.40193192256,0
9837.359223976964,499.4883736491772,137.08096878875796,310.6574073981774,1465.0255272749278,0
2825.6274263832856,1423.2091189412065,63.882353285176606,64.8351966333844,71227.6027425113,0
5531.706718949188,742.9012437012814,146.63035340654454,437.99999005960666,13003.151852841975,0
6380.772720952658,227.75025945498652,145.25920826742652,352.71047818849814,23693.94521734046,0
5221.472737379209,322.4367194507842,44.832241646679975,142.47716976558064,25110.927246240386,1
6115.820963046074,367.05589735205723,85.10095269443461,382.52460776364626,33484.377448552696,0
3508.564164228176,638.9434106930054,113.12125137807963,238.74936804204765,25359.866049142067,0
1700.787489071054,701.897309635323,16.724403542255093,12.130946833769116,19596.59110426328,0
368.6831123314007,881.5637050848875,35.36055081419903,13.162394842458646,38944.80404429082,0
882.8635003830223,91.94204983782852,35.41283432661962,126.47915471984302,258.29725256052643,0
3788.36474306285,159.13187454182827,68.52653382512476,185.14549169422537,3159.0921360741313,0
355.3420392501064,707.8230074481439,132.86872932477485,392.13905156768243,36880.88905412363,0
941.2744204014177,334.2180390369065,54.63617672242619,120.2770155609137,48647.53577402722,1
10286.50757594193,385.8554798313735,244.26552188336908,514.0524747075337,66007.11420712004,0
722.9613418492095,1799.4839639293987,150.2018420609215,249.14207907138115,98932.65253969483,0
2466.851591458744,641.0988841791586,17.65104261991277,82.67494908722557,22996.16050346174,0
9561.495905029276,61.0673734320424,124.13763953366352,188.44535969558405,13114.816706154577,0
2818.3180736052054,215.7948171037703,51.267383546608855,18.96178152204069,43326.18926477475,0
8180.57496588291,721.4692497331541,139.58472971241727,342.3210649753149,6646.539257941391,0
11080.4760060156,229.05530979672028,124.88964510403883,241.56452379938924,983.4168126858376,0
13304.649945476995,134.6302692475726,152.14654024902552,386.72324123887796,13568.968491269043,0
1541.1976290826246,675.8437068075056,60.846403153123546,29.886363911602103,38136.436526494435,0
13920.879218406148,928.0299704268485,257.24361530574436,538.8798738008555,49882.66088254198,0
10026.656462514931,953.2964438775539,206.7038555748942,581.2289577305908,31924.972056646733,1
2814.27343671704,42.32794058276065,21.304468474227104,100.00303194909006,28377.900799003422,0
1003.4846969751112,1326.132758497768,80.64650245223966,108.11330417937302,58961.23550802611,0
282.35203016084085,119.42013406403376,3.1178540138421287,62.60777723502433,28566.01717199578,0
16497.19188411112,188.1890723481937,183.10016135486163,565.1546984862663,28698.72452227067,0
9106.925839097341,130.0748443520364,153.32118516227644,446.9862281868428,1796.8377365842157,0
780.4809023328023,707.2357647344277,10.167491290985073,88.98778166778075,20871.855150679447,0
2552.9364492630866,1156.7462953787535,33.02548919141462,8.54224897253522,52075.662908178565,0
8009.861476679402,16.567720265318925,97.35905304559202,71.97659763028526,15966.346255133847,0
4809.935772828422,752.4206914813246,0.9796070160850174,49.9157113304757,45543.91028980845,0
8982.532331863707,509.9612101370338,132.05865328860935,189.68248415949046,20345.084365906187,0
5038.66387128693,243.57441448400698,119.14733707560254,283.88150519737974,17964.03542065266,0
360.2215600451666,1130.6785730355518,118.79619956625935,266.83301704714466,44583.038629828196,0
5711.075766375745,107.07992782781741,164.88276002702327,667.6143204485056,2569.7363797212347,0
1817.9097235009299,815.7723622149003,22.35563026124981,101.60738879904883,16798.016876707883,0
540.9013062542381,649.2895304335646,6.91178871455358,42.615634718818484,22241.74649912171,0
431.8703372541431,1127.4949171884184,80.38022802513258,3.5503374424463914,45867.24667482781,0
8769.725511704404,332.03070263852936,192.28691376311633,785.6690153984974,10045.557682492738,0
3803.441977291226,980.5188349222569,23.25401134326265,99.7887638808221,25733.92920257153,0
2992.714634459901,307.01795897742267,29.202352731871276,116.35435522258194,22903.954027430358,0
4199.378018579593,1110.3930916852482,69.67076408021197,56.685857362137554,54017.06760241406,0
12216.270695979396,519.3512384765335,113.51254654179378,106.50788304474165,1936.0435685201783,0
15907.079247484005,214.00486182425448,149.10034075857175,239.014005703841,5731.803659142666,0
7018.312730053004,970.0283787842552,83.1720625013883,205.15893015001384,5525.7984734681195,0
12975.943388229178,326.11210958094847,139.5180018499045,175.64933473563337,8130.625008456909,0
1133.939777117333,694.0547993589469,147.83896327906982,635.3379432675422,8604.837873276916,0
3309.7457739694064,798.9466274725248,23.847079141077984,106.93539193254878,24761.571112895657,0
6471.661011580637,1134.2247708770813,130.41257245663772,204.01921772718862,26482.873388955646,0
12841.446272198724,109.85290269838367,104.10504087312289,30.412620426973614,9955.219683458059,0
6315.135624839889,887.4387883287042,101.52163790452713,71.43961495096414,23212.94898480694,0
360.0319343049216,876.3617997063443,41.93245824265269,217.98143386777613,47203.666249336486,0
3169.51989453071,967.2074727870647,87.03166732813585,7.084701447438604,39287.00287837995,0
2820.547090019121,441.4505471455233,50.15512194909428,139.45425992026944,5482.142168607477,0
2161.8290227489742,400.40098437655394,112.00555030700083,289.34683986027056,25703.147645035428,0
7636.872970197372,448.94620333140466,122.3114588703811,200.3074203522012,17786.952739567518,0
4785.754292517733,1028.7727526314222,24.59086496277316,96.24584824648065,29158.07830345144,0
8097.273272354476,1061.1221202714778,86.50624864930337,13.314518135783018,11436.526004969171,0
3457.7161582814433,1136.300512725803,30.128443152781855,4.081988099172818,55347.79035058975,0
10366.390503212273,357.96230585683446,110.04154850870457,0.21714850540173103,22916.58277704124,0
8786.498169693245,507.2677242521471,126.07790884836619,296.01972848112854,6458.580428587113,0
3550.7735913349206,532.4656952202645,19.522923951624346,94.87008351624266,30008.636410735613,0
255.25719551864188,794.8916866694,41.6004844873502,180.5531199677246,45119.577146381955,0
7075.947630323497,1050.3356264348133,36.23381269532291,59.17693645401254,58027.45756134782,0
840.6853645905924,917.1021740400832,63.837269382582356,5.192212317663028,31264.83939075805,0
1304.254479089344,840.3946870550552,2.4074641874798104,53.76682204060327,28927.447517572684,0
4866.7209304909775,768.6280639516962,95.77152121086601,227.83982072854735,13177.547132352245,0
3260.941347121254,982.10075094621,85.48075365376936,189.2817872605764,43511.9068825488,0
5459.881796720571,1082.9645508970962,35.429684201907335,105.7259193605642,24157.490510890246,0
5271.578800463049,1368.126539517853,12.437158895018287,65.11359893728401,35844.2997390357,0
9453.597280270675,650.2444301965188,100.12700257879183,230.31476138539244,9818.724114765166,0
354.8924404374684,975.5994990542699,4.0238802151500455,32.93915664044968,20920.726941937748,0
7973.558585129045,1066.7493883123932,38.35807794557982,45.13617066528604,62724.71896851967,0
9773.626948843215,8.486393685558241,176.05699015804194,606.246618027772,4920.966134199638,0
6859.604298059939,116.13844194727727,60.8512339001461,164.90374305989968,24581.698593964604,0
13334.040661090894,23.987915531366127,156.53312734388268,359.7160593006311,4470.675972565838,0
887.9940199768607,1076.5370480633849,20.919065562608417,92.15833930740214,9642.66699942034,0
4165.429822133463,241.5296069057573,73.17110547727387,199.27726528610557,2667.6887844996045,0
1949.93665750157,1585.6688869552595,66.84181938162196,108.24470425689708,27573.579322328922,0
17875.577030828634,151.24110491807284,121.63511005153417,23.62187816434303,8932.883437906978,0
4349.992095038782,586.8595412485025,61.287849069573575,62.21324318085499,49927.18763755251,0
6926.400478038698,546.6607557181408,86.89602773338557,35.89788103247513,14259.028354592101,0
13198.898950481933,93.14765069373433,96.18993147326844,40.07646972909762,2335.4359561514216,0
6025.273491554715,16.59122138555017,142.74637248276028,331.7985454449526,28301.746937793196,0
4038.095769765153,379.5586008139162,30.238407443345825,114.16570961280584,27001.17925795377,0
3419.2686428933594,767.740341116861,73.34547013765567,40.58137608840533,31942.590032630247,0
654.9493231008123,81.89603298672529,20.669823986515,96.16275265685402,15956.564320233512,0
4542.208980115783,1092.998468624339,5.082628859889768,34.21922357320794,44819.19570184079,0
11561.050594585298,173.98867728002546,293.1707193672011,612.9357959221534,89593.10741027993,0
1954.562403541774,710.8201993995605,50.086821994041586,154.0372919002578,1099.7734258068185,0
6547.124745804438,186.53250113087114,76.0876207140198,402.63451864604394,11645.459805756574,1
4893.716888104828,668.7187932586819,0.9306027532885466,65.49413319407888,49041.51072243124,0
1395.1763519205924,797.0707452641203,20.6430325261623,13.691723171178552,40165.10358338841,0
1213.8024602616163,1069.8071694515384,108.60558358605205,286.2749765435235,37488.7465323057,0
5532.184614467132,389.5610209009611,96.84973456150381,239.4599575834693,6039.507172423253,0
4307.046659715832,507.14742716552325,29.30976785238947,101.16730846024811,26478.360878157648,0
8832.927915520704,311.405706542154,114.4023449849822,194.60978438910797,5668.595163368064,0
2425.6440533570067,561.8847165375716,91.51561735203397,205.63236142530695,17388.18108074429,0
6782.977317123394,737.1875582349395,24.074138950107205,107.05955299453504,44515.25339922199,0
4478.929964578456,794.0825946915148,83.2047062051226,10.846114241834968,30198.232265884402,0
8886.397297758871,1397.9309874690928,33.731410091959134,59.719357712708685,63635.84221667748,0
6896.672356007842,1279.7339997337006,185.12177832344614,292.02760758935233,92992.0791989913,0
12225.96330606918,212.71985829923736,136.75068503421926,226.48321926080098,2723.9767325680255,0
3950.823976192797,428.15260702456317,84.256817345071,215.5495672663995,1569.931290768929,0
4733.052933550695,553.2924726157547,47.79464316091963,154.06326175053792,19884.22954973048,0
4398.736252019771,549.3182880436774,67.472732489252,128.98636801447245,36254.570240945846,0
2395.0177437552543,286.65784344274533,74.63983192375976,6.578848222121316,34856.54244188695,0
844.7507244729976,147.74478608118173,18.41338521648005,87.28760707235463,7763.548514791159,0
4132.391498153735,626.3877584962139,86.03889994832514,11.507655269401319,32413.245851332525,0
708.2924838112111,1205.2988155151977,87.69430158798765,105.96253268248108,42562.813942411405,0
1971.1735007479224,735.4901555485288,57.74248802931401,55.70281168605411,28408.087925943553,0
3746.2459856213363,129.01997003547737,101.01404488561585,262.05580727977747,14602.898449434977,0
1580.268006137294,603.1312656739366,29.09881600873613,13.0495454319381,46100.66313665401,0
2914.8118969837715,193.01108137473722,8.177372419755534,84.309839163759,7327.534105236593,0
1784.1229088657515,543.771707468131,12.26820906556236,266.2241146856674,21872.636565888763,1
1083.1151202919646,939.5957268440184,113.02735129598717,347.24075234059376,32236.80192042853,0
5452.275693624918,119.26421816290582,93.21826033032333,92.55401957913969,24077.398703416784,1
4032.9703890683522,370.9761537150681,93.91387100207093,123.81260655331099,24509.76849283215,0
9315.219744544847,369.3612763751697,146.0654280396807,341.16789293431833,13791.770376908886,0
5592.928448967028,64.52570773178238,80.16467428004171,202.75021410436852,6933.548898281364,0
5257.495528827959,446.06300531939934,75.88754895114064,8.799321670620962,18476.84053411215,0
4320.975728351638,69.58740234408398,129.02044160183007,354.15317677406114,22259.074945352488,1
9162.197928162968,653.7797747934319,133.34140472063643,280.24364408588775,5505.52176693059,0
1820.4568148611756,65.59239749826023,7.337878479054915,52.21054176319768,41364.249740051804,0
4235.214408347565,345.37124638599283,7.964590908887894,66.57977461950611,41294.6232076343,0
1667.563320748628,1007.4787785363293,100.60441193825402,262.0064172385005,18176.973093479064,0
7849.769256251155,576.42680366235,107.16756650316863,250.21635916545614,2034.280281157217,0
1100.207949728195,910.1531231330856,118.33094910017817,389.9259258396241,30763.471814018845,0
4561.977621709086,1109.8825418819602,70.21810116741044,83.5137715478906,86009.3633727761,0
2569.3205041901183,645.7691159432107,53.487235823853084,36.16652519801728,41157.83374562349,0
3644.954692659795,248.82040369199234,47.17641978757145,152.76833752820988,16206.561964342847,0
7626.627774280512,349.43764711489746,102.21423770819737,219.03346880889342,2710.5871935171153,0
6047.140903428224,454.4722428599096,87.72238133040064,227.5974018576636,9095.118279095766,0
1611.3467240016068,171.39521646264,8.86566478109103,48.13271238125476,22117.86630402214,0
4259.895408018736,130.30423170487373,130.0853093436191,319.4185237502416,27589.393522946288,0
145.03920908349755,89.47576591197085,33.528560731125765,130.00694767625075,6548.026057994721,0
1998.3685610990165,332.81399495502524,61.92906398618642,172.33713311201825,4048.89657321057,0
810.4523484514978,422.9964906965871,27.38656197299653,1.2885790199883118,34548.888726579346,0
3970.8017328073443,427.3278109916371,77.27713116540453,72.35978949238748,56691.34846706076,0
5027.649468156967,412.6739074889455,57.86261537102103,178.29798084922692,17065.207452621733,0
3708.1262556987986,328.6901518073795,66.09651911120766,178.5354050848384,2746.422921512788,0
7445.337498052364,199.25385368413401,172.78502623988885,382.06885394760803,41185.58772255319,0
1976.6366540721965,896.2758238015612,68.68481129090917,75.78791336278638,72731.3792657584,0
3038.356577431997,797.1203639376553,90.36623058430177,306.4074745169892,29845.266269943568,0
592.9857570608435,1258.9260052233599,53.530678356841705,41.64677205828693,53945.00076803625,0
10489.732849895507,87.7938355869212,128.2524521907091,229.1258627328823,6367.83461481067,0
1502.5531866187416,1417.6156668893354,65.49301851962649,100.40530116796936,57275.594374600696,0
5083.317285971388,210.2488317010945,124.43082092112584,347.6499039048646,12887.788237724464,0
4652.248015995483,741.5857637590307,69.49830111229879,259.1730239401476,27569.759706825207,0
2988.486054846944,454.16086799516563,53.7401840602351,150.25552758355053,4741.089566871233,0
10775.281064279068,272.3215892118776,121.24389746174788,265.358892118005,5982.93948813275,0
4278.088275169082,341.3025788662511,62.52497544866039,106.85962946804541,30410.639980141685,0
4542.066646893882,139.07000450132054,102.79077224651672,259.27963563471224,12249.20103357571,0
248.89314105927951,757.782607678469,66.7132632434976,6.746901015580953,41338.45692237338,0
11377.133263908727,464.1616283891623,171.82322402967108,384.9054548830349,19575.66820118003,0
698.3698688871245,833.0415572473397,47.76274803683811,165.327058830057,50614.53086336432,0
6292.922974981461,29.771171049428034,164.53844264151292,364.0156086282622,41779.74264542442,0
11990.377701066573,387.9970536924961,110.92986727811342,81.26830726499446,1779.8187532890797,0
136.92930973403702,701.7243578687627,91.84854006594288,191.474041100531,33333.70074812707,0
2170.6820209144075,1569.4930237899055,104.91598000346085,156.79785294494616,65346.31116401972,0
2800.7073248990337,1031.867983390623,90.98748034164683,212.69976952732634,41984.32091437544,0
3466.6316531024568,364.3062140164383,110.78504584006971,290.8816481644225,17264.551139543553,0
16804.119544918765,336.43523289252903,112.33525114927045,74.29113794968627,441.01534394053397,0
547.1209645406725,909.3615964653959,56.58091134520305,52.175710334230004,57221.35922410074,0
14035.861241564266,126.85671896483794,153.44542270014585,350.51574778886874,9106.798899709338,0
8973.425563452447,42.974375756255036,182.35682375988625,403.4539415943774,36368.19807570928,0
1131.9208672560035,653.2137332762683,23.232986052073148,123.27618362881088,16604.25923034457,0
4325.98256048371,1133.5356223887238,50.78216852900164,13.604307526821692,48221.47499672273,0
1651.606422132108,790.0464619566484,72.55571705308297,68.59897936406378,45342.596207975184,0
2257.8136618089065,150.3902678179487,17.997398126147264,95.4302246205176,1443.675169107657,0
3245.313048209905,214.13494076104217,12.871943489970585,94.50821706552657,36472.02582126186,0
4620.836715474039,854.8574262489437,49.0652704796946,154.9875709212937,16182.951156626918,0
1621.7121461789843,1047.9532230237571,76.12061557157601,11.041782423104209,34676.12530364718,0
4880.529713064023,578.4769662142003,106.1885949682997,239.54413505972923,11613.400478534095,0
310.1679512178382,317.78717714608945,109.920470500279,392.04771665680596,18871.289915536003,0
7459.889471232609,22.583360286755365,72.75923390908727,204.0603248803174,23791.645336554375,0
103.37357986278073,606.6289890864191,110.093769596621,382.5283482200259,20859.527869919926,0
13744.68613601488,234.1125799716326,247.03830711742887,527.9737237505607,47978.99109146788,0
972.4296829561071,836.0002797027145,49.01562999876745,151.506536130553,51138.03658149182,0
771.9964060865618,955.5231479030676,41.64714236681942,23.31646407742729,49015.01108826544,0
9639.316935476558,1604.966076081378,60.7408604937941,132.17261852890388,61389.18264423442,0
4644.7995793969185,688.8322238239014,29.87927426711017,107.42823932249968,27588.5991131617,0
5459.006983535534,689.5612464494656,114.8689115540762,219.30524376624408,18657.364008398716,0
13319.327929881412,1023.0692597643138,4.079670886156263,88.69876208258472,68540.60592927398,0
4249.933397870771,481.44430312080937,128.34897175182357,301.86086557728163,26387.281427371647,0
4526.468092127043,281.3253278529188,89.61133450979389,219.0042791981703,3684.8196374360255,0
6152.742650832932,388.2359212768514,147.802027598305,333.80639374318014,34418.55367211663,0
15635.53441709016,1886.774147218991,241.24704135784555,591.5930066713435,70273.64773695452,1
1921.027203739196,271.11927188621263,113.11135620307606,280.8120959193472,33961.62521644526,0
1880.8063980368588,926.8782775850952,14.32809547478255,20.14020488788688,37247.5771729442,0
4542.817727664589,584.4906258361323,114.20037713471875,286.51151126675114,13508.145443896523,0
5200.060311624307,459.21706932848383,79.06599027048857,208.93187013676538,3116.583977214398,0
5657.528882977567,512.1815417425253,97.38326920524098,63.604029023038805,26903.297389359403,0
5077.809180059452,725.0496202095983,30.007933068527926,119.62322829561694,31546.115658716713,0
3942.0569174581406,336.1256656931018,23.94708139023743,97.62147575145471,29935.38455191251,0
4167.315809486973,1022.1527123696404,127.95817230370216,235.6128819989081,33067.460650651876,0
246.2339275039418,670.9298516093232,2.946355689923072,145.3040413001687,182.20734180662384,1
415.7529874284485,1264.7968885620026,87.23880656611638,54.13699422463445,48121.08414772751,0
42.64726029340886,608.2297319391379,87.34173745121859,205.90120206904066,27095.83751849381,0
388.8014291632843,457.2922372517726,44.978261024920016,15.89402748231057,50073.2557837883,0
4990.573982351951,664.0576653270845,28.07937572948477,99.62647480584337,30134.925428517636,0
257.464667442542,760.8876242733063,104.45908856916286,268.4996316410748,33187.58413087242,0
7477.046490174365,307.97181056417617,122.76584532033087,261.0562174505809,10655.415976438406,0
1735.6649248502408,99.74628500146119,74.75500111203533,198.63540422869838,11566.83409145629,0
2665.6698043632073,1119.0304359397876,6.3483605326684085,69.04370142992167,29058.23185054343,0
12644.81375582848,1655.3799341743777,27.698809896528857,16.039761093483975,70739.99605790137,0
3772.4191919097275,1.5514382987699378,92.82675617895636,225.8083248115343,11708.875507970826,0
8834.897834636591,734.914250912002,117.24692112584752,280.76051471246586,7970.152619675673,0
15676.690462848146,379.4974175037764,168.73749891446133,412.74482680761844,12291.170393954158,0
897.5510318712757,638.708048316397,43.81998178646441,35.36275786418168,51996.3681575039,0
7593.375166261034,621.1528429668384,111.24419027012488,121.55414285968831,18954.050319802474,0
8995.122529835522,117.93870439669499,133.96771520912353,310.6505034404269,5959.1168870682495,0
1677.0906111126274,865.5906285938601,80.84060935927027,92.50145581861827,60906.95956588346,0
15196.341498884562,22.74702692353894,167.5338047985236,426.0038028099583,15482.647283602331,0
11324.877689838817,1536.4327659714177,32.08140410803621,12.48117084154341,67579.01154095813,0
10247.730412453035,201.99395569514007,139.96099841733977,228.59084480374167,16517.816698202754,0
2486.640623504691,775.7061756805031,107.4144766391348,251.51612296082197,22989.13297162284,0
3572.6768089317457,661.8256739720755,79.413088911646,198.1625468151258,9394.152926744397,0
14392.225494049859,39.84262407386965,154.45849114290917,279.61832226100273,33802.51326320597,1
15736.835467223158,124.63446720466308,150.69393862481002,356.7144903071712,22151.779203312624,0
11265.925092908376,202.4555279054212,89.86028445207559,16.432337057760947,5778.603979278252,0
9181.989426373551,104.82655526401082,138.58668640238827,362.2629894281702,1221.5631778575544,0
12737.052844529984,356.88145968606096,162.92192806411313,448.51014170814256,11628.519492759013,0
4952.399931236284,240.3792586970365,160.9565680457375,369.2134123272467,43401.156048482204,0
2725.675337029772,673.3617959750612,18.05602864798258,22.002679075685805,47412.434376913145,0
6305.911949303901,156.233402888853,94.51114243139119,239.32916206548725,2011.9288544183164,0
13216.20012166092,1833.1374002505206,19.56645294699927,98.25435198592251,78049.4843799712,0
3876.1874571617886,860.5366263328436,100.32775392205018,373.13373420294135,32879.509425871394,0
7098.785850808035,640.1051570413647,83.83673294888584,283.36779202488674,51346.34027644523,0
719.6010807159578,974.6186656776906,133.49435786718945,507.01626404033334,23890.916511408603,0
4421.138182969372,345.05857390432493,103.31235728687047,260.3266634516062,9944.27819253593,0
2051.018592425761,344.83339239164826,62.45367425181264,185.82612475716428,2225.1654178969484,0
7864.48512371037,302.6950889937491,115.8143764990777,288.2492516915502,2086.8174078494108,0
2236.50007085869,255.743089737655,20.012287473861093,15.468082087424051,48281.25736090733,0
1702.516383958085,527.4375994957772,36.71315792056652,114.67019992412158,40417.68253665016,0
4537.674922260849,159.27392958498635,76.75662927944245,71.90056953348356,15500.214324496277,1
10250.74400298461,358.9572080993189,192.9991941092578,422.52150308271206,33793.177139062216,0
1043.6293608679139,581.1407397583088,100.86492538567586,360.0865416190593,21372.917586321142,0
3845.236250928422,408.95935825504085,61.64249271832122,186.5400026528741,13845.037357798821,0
1048.7582759497654,855.0490489448442,48.13080975637857,42.48138511034962,54202.855430551295,0
7443.138911483002,213.599071918817,78.14939876606087,45.587902849126415,18259.799703802604,0
1745.8781757103916,451.8739980139302,42.930109515138355,13.821232517306846,40935.338501269594,0
4508.504393062505,17.715624116856546,66.9807121880822,173.4192150895268,7764.799770701933,0
2578.528276577942,350.6431356682143,184.69464858109905,414.68203695675106,70608.21155711303,0
5873.844367173727,530.2938411982276,107.86951440759677,161.27984876934738,20008.750463805794,0
146.17485976948433,544.7750958638834,39.908741838001774,136.7927782193288,1317.3705593217087,0
