monthly_charges,total_charges,tenure_months,contract_type,num_services,customer_age,churned
228.6626098090998,7197.493789444235,84,1,5,50,1
77.30545316292778,1268.9200772014713,21,0,5,59,0
53.63252625299,1404.9378280117028,8,1,6,28,0
9.327966581173783,1589.552705273249,12,2,4,11,0
38.50492594820759,247.35992635162728,0,1,6,80,0
102.49375072672427,992.2076533425038,12,1,1,17,0
31.632193039190653,2806.6864857685136,2,1,3,29,0
59.76917133781048,1398.5658457835611,13,2,4,72,1
74.09015738759268,1714.638092376037,24,1,2,27,0
141.35526954467005,2171.6837215722744,86,1,8,6,0
33.31152449986994,3086.231787105047,56,0,1,45,0
112.5071843313484,657.9175152246157,31,2,5,75,0
165.7169264888019,7402.093050708828,2,1,3,22,1
179.81036185934843,1383.4601678399365,34,2,1,10,0
204.14686932685106,3404.65928406662,52,1,5,10,0
30.130909672509418,1801.0729779846051,25,1,1,4,0
51.511206585166725,203.68710524737276,4,1,5,66,0
84.49818132886912,2730.3150795638753,17,0,3,5,0
102.50522065816557,7064.249647852305,56,0,5,48,0
44.836835979382926,2014.1869487482693,1,0,3,71,1
25.57462677083152,2609.8792242309664,22,2,3,41,0
72.15501229263808,1777.6363196824304,26,2,1,44,0
172.64659442056228,614.0283428331323,4,0,0,14,1
78.97464226675311,1369.1753828616263,80,2,8,7,0
113.47950370749547,4852.973418940355,138,1,7,69,1
44.1981510644561,1001.5865522402346,84,1,8,2,0
22.91055677035216,2836.8432271817273,19,1,3,26,0
68.44846506386065,1513.5909179952146,15,0,8,73,0
119.77713244615822,1041.170461802634,30,2,2,46,0
160.15399946014637,4572.830535585443,103,0,3,50,1
36.649504134837905,3282.672570502112,43,2,3,57,1
281.7388285495979,5854.584899109268,64,1,3,0,1
73.19991184536543,2517.719478992571,28,0,4,54,0
225.7186505682567,2438.888063061249,100,2,3,47,0
102.43412144283036,5678.784418799412,19,2,6,15,1
120.49728257657519,4423.257908413033,46,1,4,28,0
99.46048840615808,1414.398163214623,84,0,4,25,0
185.25253947578565,2514.521293563404,2,0,2,24,0
19.286200471655917,2311.321557810314,2,0,2,14,0
129.3537820672076,3291.0936674079244,62,1,8,28,1
73.86072042974587,4544.892803045141,41,0,8,87,0
105.05066029983904,2951.0267359164204,36,1,3,38,0
70.03195878690147,3005.790798671394,17,1,3,24,0
33.47324518104006,71.01369878491926,74,1,7,11,0
59.65961920259826,821.4923976590476,5,2,3,52,0
24.330456558159554,583.4249247601797,9,0,1,82,1
154.06797716691443,355.68112514068014,1,0,7,65,1
113.87728399033838,335.4794942466799,10,1,4,42,0
17.078647349378315,1589.9305698453513,11,1,1,0,1
15.775977084126481,2753.2488669653644,19,0,2,23,0
200.6804257188744,6208.529460125082,62,1,7,56,1
108.9306685610815,3999.568531254053,35,0,5,37,1
188.8005129601365,1701.653782983927,18,2,3,16,1
151.41366084688872,4969.9562741158425,127,1,4,70,1
93.75285498608184,1354.3330697660792,12,0,2,28,0
47.44346096429405,1079.3933775665134,16,1,3,9,0
105.77251271119674,2422.033874677903,28,0,2,29,0
35.77185090254453,1991.414268726687,8,0,2,44,1
82.54890548915247,1192.6281261247636,72,1,5,28,0
175.66787074546045,3441.973433587733,4,2,3,52,1
111.96162548707179,929.9840245142814,19,0,1,8,0
84.89917712671189,308.30582112988435,22,0,3,58,0
115.1068291562252,3583.5493739040894,34,0,3,30,0
49.48269818591289,5692.2210254115325,52,2,8,93,0
53.64472973678983,1950.1537587411794,23,2,1,14,0
6.589756154093685,1895.294156847724,10,1,5,66,0
1.8576837975321254,3046.5587176314875,87,2,8,31,1
39.773484468708716,1629.9296271310086,52,1,8,12,0
116.15577565861277,1698.927918211529,32,1,5,17,1
173.14939737624354,2900.139192495876,38,2,0,4,1
156.12844076884616,2957.272893906478,32,1,1,6,0
101.33878744016243,77.04365536783644,18,2,5,61,0
6.098728171023012,345.28702281216783,76,1,6,18,0
93.43961007741217,3113.745224134542,21,2,4,34,0
146.76327431900927,317.51601454553577,2,2,0,14,0
186.02888319598864,4278.385655939232,18,1,2,25,1
77.84787947832386,1779.8395296249992,57,0,4,9,0
139.123921534101,2774.182252109769,28,1,5,51,1
111.08125993720135,3186.998199438732,35,2,1,27,0
158.7375934821352,1511.8800742188569,20,0,0,15,0
16.638100360928675,2414.141504788925,35,1,1,11,0
67.77229157547896,6846.215124195129,56,1,9,77,0
92.06968445690883,3875.067800406513,38,1,4,39,0
62.59452151385018,2312.501763772561,50,0,8,28,0
58.076646736331014,3126.9391704463465,37,2,1,12,1
9.136201094067609,1644.890465008887,102,1,10,52,1
213.91851476075834,1763.290541229222,127,1,6,50,0
104.03831659178408,1446.1276995226347,2,1,0,20,0
2.101896590994066,1349.813358176984,46,1,0,85,1
89.05734465061605,1609.668653007222,11,1,6,60,0
55.26217822705493,7346.157018205686,62,2,7,70,0
50.771755619189705,2684.7988484724956,22,2,3,53,0
55.28922604983322,1451.6302427526502,56,1,3,14,0
142.3708358928493,3899.0062396829708,48,0,2,24,0
131.6545129528905,5504.355091300284,6,2,0,35,1
139.59675463738068,1351.2800702353352,20,0,3,16,0
168.8875256125558,1369.8546230332722,30,2,1,25,0
41.89152313157316,330.6746475123301,44,1,5,6,0
28.691066618061058,1346.0421065201426,0,2,4,71,1
59.42193462198541,2096.3842395884435,43,1,1,17,0
112.13750535617012,824.8510151912621,30,2,4,46,0
30.9834774638676,1085.2020508068326,39,1,6,13,1
17.40447121547073,285.9969361243906,73,1,2,43,0
284.27208931889083,5438.775590719423,64,1,5,37,1
90.75289190329087,1983.3940356431508,2,1,3,54,0
183.45423854213672,3818.5517249997984,32,0,3,13,1
68.26657427452561,1852.824273567369,56,1,5,0,0
81.55671849944054,2270.862612394275,23,0,6,65,0
184.2552863776719,4944.266777892975,26,0,7,24,1
78.6790327772143,2736.70951793118,25,1,6,20,0
163.09727444564348,243.73935798856917,20,0,2,19,0
157.64440080532012,1465.8051950729748,25,2,1,1,0
102.48475376221069,289.45972799080846,7,1,5,42,0
102.1128055471105,516.2666798712246,29,0,1,13,1
94.66637459540372,46.14642399821594,19,1,1,41,0
120.54950372938326,2646.4792239676076,13,1,3,57,0
48.647624897102624,3450.4405984881323,44,1,8,100,0
66.03253272362764,1488.3177262492272,11,0,2,20,0
42.50386642496212,257.8920515923786,38,2,1,22,0
43.2693884684773,1270.2473184633757,13,2,2,56,0
121.78591163624426,1504.066191221975,22,0,6,57,0
4.694531247406509,1163.675543992154,39,1,4,2,0
41.37764793031169,1260.1458619603893,16,0,5,17,0
101.27027914555498,2577.00656195762,30,0,3,31,0
74.89348512098219,1347.4124256946193,36,0,8,9,1
26.148829292367125,1148.554145901725,15,1,5,77,1
122.71423422767857,654.2125445334648,10,0,1,29,0
12.541373396741903,1074.6352772304042,28,1,2,8,0
43.93445274968044,2632.8133282886743,49,0,2,26,1
180.93750542104502,1602.0162006887217,9,2,2,11,1
7.629939492085491,1518.3067557678264,27,0,4,4,0
60.63795743182996,1379.803757133151,65,0,6,9,0
136.5667022017957,2734.7048124677967,32,2,3,28,0
141.12266056101257,1681.1966350612784,30,1,4,31,0
28.99866607703492,3682.755927442051,16,1,9,69,0
94.36236889765013,5031.895997910832,90,0,2,52,1
79.43571612670917,5396.5613823859985,65,2,0,24,1
18.703610106124113,79.6266317341441,65,1,3,33,0
88.67778904412842,2060.085358701925,44,0,3,44,0
107.23290297010068,1092.427369829956,14,2,3,34,0
96.78529420430898,3754.444928388548,13,1,1,66,1
68.16855472191733,282.710565257541,16,1,5,72,0
119.40188237332062,1617.9599633382545,52,2,0,32,0
89.45416283044874,41.68284478145989,14,2,4,58,0
157.12326777943852,2535.8237177390743,75,2,5,13,0
59.977730135652465,1659.6980269543149,7,2,4,88,0
93.30081696378238,1600.809533280171,11,0,1,51,0
23.468774696252414,1218.5319463191483,6,2,2,30,0
34.679306601345566,386.56777072783393,55,1,3,12,0
90.34408290995108,538.9598546705131,7,1,7,44,0
88.5128635150059,1006.4758468697869,4,0,4,20,0
82.64624754121783,2246.1069669164817,43,1,5,2,0
81.43372836682246,2199.3398485113835,48,1,3,6,1
151.78758807830224,1303.947529717647,24,2,8,38,1
177.2797777246534,2633.856263782652,36,1,2,11,0
25.26473770606873,1451.190478351687,31,0,2,7,1
103.04000312511249,395.068616109643,30,2,0,34,0
154.21844326588183,2929.3249033886177,41,2,0,0,1
8.477032094450834,3972.260521830854,42,0,3,34,1
147.9060052479079,2108.3505268774916,54,2,10,9,1
191.25715880662474,5565.557127659831,87,2,1,56,1
50.20407572129356,990.938724219344,16,0,6,63,0
116.85888152919989,1799.0025785937023,39,2,2,47,0
111.36829970983916,4302.123150084017,59,0,1,35,0
91.17223782102079,7303.037739294264,68,0,3,39,0
13.130668921047658,2952.2169993264615,86,1,8,27,1
57.51408562519669,840.3418336987079,3,1,7,68,0
141.76475915978497,4666.286089313882,47,2,2,13,0
132.94638782502926,1091.6535466691353,39,2,0,23,1
107.73553545494015,2990.9658565323152,46,0,2,29,0
72.84085248376003,1202.4406428441102,2,2,0,9,0
71.56340004202401,2338.6109111125497,16,0,3,37,1
123.29877775802971,1499.1310590290773,8,0,1,24,1
103.92405360870913,2622.477777327071,43,2,4,45,0
83.85878590083423,1131.411432477666,7,0,5,26,0
23.26794626556834,3139.2433923319622,46,1,4,12,1
95.243531095697,707.6438193349404,10,2,2,37,0
56.940263233874234,900.4025616749943,17,1,5,62,0
147.82600866502253,492.6790917608437,20,2,2,3,0
69.99367019821251,543.136853409382,3,0,5,51,0
18.26247236570771,2023.6801473937012,12,2,3,10,0
78.06891975201503,833.5043040657997,11,1,3,12,0
87.68124296236778,1177.324507251506,88,0,5,25,0
27.915039588039377,2942.103639222582,1,2,2,33,0
111.56639993763497,2015.1344919449866,46,2,6,70,0
135.0592229836924,283.06271451993985,27,2,0,36,0
119.3790593395885,2911.9905718350037,30,1,4,24,1
139.55450833781535,838.0952418819115,26,1,1,24,0
29.883269340322244,1500.6227089390084,47,2,4,0,0
110.1262394908122,3474.523489850586,4,0,2,51,1
174.34274906681355,755.4609942482591,14,0,2,14,0
18.39523666657938,1545.603667179514,33,1,1,6,0
49.98126941413294,1329.217778301089,55,0,6,9,0
46.23732006050333,2262.0480645837874,19,1,5,57,0
23.826780015827126,2150.8400546768785,0,2,5,13,0
76.36424214925763,2158.6200318640867,18,1,3,33,0
14.112928104820064,1091.1810667994869,46,1,5,9,0
74.60547216589919,1486.8239256570994,11,2,4,58,0
117.136958202239,450.92590729176686,26,0,5,8,1
229.83966557531005,5656.692352924041,35,1,1,6,1
27.4508329839492,948.0425392743989,11,1,2,57,0
103.97695848506226,2852.8236990186983,34,2,5,51,0
60.42385617701545,2400.1643454217237,36,0,3,47,0
19.039833308976217,1762.593638478966,38,1,5,92,0
25.921852139369122,2426.032068070417,13,2,8,36,0
133.58552134084903,3513.5565245484345,1,1,0,44,0
78.07337458407486,153.60659904988762,12,2,4,30,1
96.66050719096536,891.2441293568198,13,0,3,48,0
153.15123723865287,729.3739367032247,36,0,1,22,0
82.33925076324621,684.9387485433756,6,0,8,67,0
138.69950657078675,406.6157299198834,16,0,2,38,0
151.47145680672276,157.8236528824675,13,1,3,24,0
178.64757406323602,743.4808102292784,24,1,2,0,0
105.66409347031102,1373.125696569995,6,0,3,55,0
96.50734092733421,1872.4346035894882,0,0,2,10,1
113.96826830711173,1289.2881568136718,36,0,3,6,1
100.31789164481594,2148.767964406459,46,1,6,4,0
94.62662307654493,185.81503426664403,17,0,5,65,0
90.6333877143374,1181.945397087758,34,0,3,72,0
136.52919886508363,694.4312377417225,13,0,1,4,0
147.9182976916486,852.8572840258012,33,2,3,31,0
143.41889576933897,6667.766845238322,43,0,0,7,1
95.50096478559726,3987.9740966394465,38,2,6,58,0
127.63889212949489,546.5564153609107,3,2,6,33,0
200.94402393335878,1913.4922252587185,90,0,1,73,0
77.66427706352653,1305.750990255504,73,2,5,19,0
108.21799077484982,273.0390178825146,1,0,4,48,0
160.2801092493269,895.8196335486296,43,1,0,25,0
134.57602341066143,4311.416529010505,14,1,4,52,1
139.1207302862457,1329.6902306391328,99,1,9,32,1
87.94072326606444,3790.8814443810516,36,1,7,70,0
82.80234278313583,2022.0870214112992,52,2,5,3,0
62.37221499450499,805.5009809163423,19,0,8,78,1
76.68292430311293,1967.6610682047994,22,0,5,62,0
206.18256971778573,2238.7148231742967,34,0,8,37,1
114.38250556382916,1469.1091106287452,122,1,12,35,1
88.84301384909699,1731.6555643713355,58,1,6,12,0
25.425487125294595,2050.722016158122,4,0,6,35,0
98.55205625100199,2554.963557968667,58,1,4,65,0
151.59929586888728,2586.701539867172,30,0,1,7,0
100.73835741770446,1769.7133523448479,13,0,5,49,1
163.89764388120733,4348.717402326598,10,0,0,43,1
112.00840027891503,5831.499790875717,13,0,12,17,1
105.91110009814746,971.73924848664,1,0,6,37,0
5.2679931552499255,1350.0284963952934,37,0,4,3,0
9.80723874738866,2005.185164812338,1,0,2,16,0
16.73588644599144,328.71399973657265,34,1,2,85,1
79.73926213403342,2958.719299118633,43,0,7,87,0
88.72971692246898,2117.60545952063,53,0,4,3,0
3.270897376824088,2250.905360353512,59,1,1,62,1
150.0228846901423,40.93374227284039,16,1,0,18,0
137.07100062258772,653.346015668765,31,1,5,18,1
45.23969317885491,2389.9875002496256,23,0,5,21,0
222.66884532217196,4398.707545430427,27,2,4,13,1
1.2426645482966379,4075.153513029477,28,2,10,124,0
52.42220223539989,434.82470468094635,13,1,2,57,1
106.41557138874519,2941.80301971392,36,2,3,40,0
149.10916040693428,2416.7669596237197,58,1,3,25,0
11.690191502043817,1625.2575330396512,13,0,5,15,0
66.5278428723551,4199.318708253362,23,2,2,5,1
95.7069354592005,1731.7649986173592,22,0,3,37,0
56.22863688375325,1724.3781506322493,49,2,3,7,0
26.751843452754784,1148.9691684072077,57,0,7,0,0
81.07957724638636,1210.9263341200258,31,2,6,74,0
102.86599937324199,3825.6470085231194,48,0,2,35,0
59.818208115579296,2531.604353045739,20,0,2,8,0
126.9387540358764,3905.937606201205,50,2,4,43,0
35.6785883316346,1924.2807356878711,17,0,5,6,0
145.1536464387194,1136.355880501359,21,0,4,30,0
182.17646105275202,1870.0864023547238,15,0,4,11,1
73.14677669191462,2225.3948024182278,34,2,1,8,0
44.795841769705376,738.9440221335094,91,2,5,18,0
80.95306788781392,2272.1963505403724,58,0,1,38,0
80.60948750070786,3297.5596693497796,78,0,6,14,1
149.25893967506036,4107.977345317609,18,2,0,4,1
67.95791774327606,1395.1695353989105,0,2,5,31,0
135.78912994074318,1805.065729937602,43,0,0,10,0
14.601668417842632,1801.7943290442577,26,0,1,3,0
142.76123600371312,1286.15365559687,16,0,1,34,0
24.659148217197192,2705.4268021476278,14,1,6,74,0
94.80912329611101,965.0804477390097,13,2,0,7,0
59.14621190255423,2932.9715610385615,66,1,2,53,0
177.01718840830472,2700.794392303432,18,2,3,9,1
124.60858448330382,1983.8562284898708,36,2,5,57,0
202.7900722478941,5402.326774019566,69,2,5,6,1
4.873241307727426,2017.5318466261915,5,2,0,5,0
107.09918510871661,3887.991595204613,29,2,4,48,0
175.8138459000781,1022.9306253571599,9,2,2,3,0
57.86277949939592,1831.007248374256,36,2,0,56,0
146.31578670340926,3054.679913794141,38,1,0,1,0
65.32058044873816,975.7188390366637,5,0,7,82,0
110.49468533577027,43.55918114655344,14,0,7,77,0
71.07293757747135,1653.8194192665064,57,1,8,1,0
120.1425626942669,5473.53564849914,119,1,2,80,1
152.33482977884387,906.8572971600806,6,1,2,18,0
51.89394059414858,899.1918577048084,37,1,7,50,1
143.03585672802268,2946.3729068608745,40,2,1,13,0
94.24715685064297,1852.0515552775,67,0,7,2,0
10.498826278758685,1674.6150525643716,30,2,5,12,0
139.741971690026,2186.328526456485,2,0,2,28,1
79.73113846497183,531.1708105432631,18,0,4,62,0
124.6756721692633,514.2938971757993,30,1,5,73,0
30.66870777609747,2621.7834444146256,22,2,8,2,1
64.41020557628909,1991.4854531486126,46,1,4,6,1
70.24128340367086,1468.2158868199476,1,2,5,33,0
146.62505792582726,722.5245015489028,39,0,5,2,0
80.80789412069304,2385.48604310211,21,1,0,8,1
91.29331337699809,699.0254394931287,5,1,3,37,0
82.49343020128094,2528.5031212117224,31,0,3,49,0
133.85997917878495,2003.634580305184,23,0,2,23,0
161.13513637219017,293.46802265671965,4,0,5,33,0
106.00322613473948,3098.4092615953004,37,1,3,40,0
98.81500410175576,796.5177977728802,12,2,0,7,0
131.02781317836232,1904.2742771931548,111,1,7,64,1
146.19565646828377,2831.424798167646,43,2,4,11,0
91.77122922397265,2501.5261918417855,35,1,2,3,0
184.6341662596185,2825.415467736685,76,1,3,20,0
56.21339217900534,3324.912680282913,18,0,4,33,0
202.98071008180264,4527.669558411399,25,2,4,17,1
52.459877122728535,432.85426269535265,25,1,1,22,1
66.42921690481231,1156.4124334573326,0,1,1,29,0
97.97237796452002,1915.6068671687228,12,0,4,50,1
59.26868922763626,2125.7529378894455,29,0,2,3,0
143.2457830363483,1447.455115196397,7,2,3,30,0
135.0581634535705,975.0425873639413,4,1,3,37,0
22.752627309570713,1737.2705672565112,37,2,5,12,0
90.61716365786423,5733.524596664997,47,1,5,45,0
89.36885792907199,2598.0718496755508,61,2,0,50,0
109.89965529291867,385.7805302368169,10,0,4,50,0
77.92005376239784,1051.9214628255172,7,1,2,37,0
118.58505341846961,1823.799233161552,2,2,1,25,0
32.8814277366744,1301.9607510339852,40,0,3,14,0
39.408971500329244,496.55631230718654,38,0,4,9,0
123.03462537819058,1669.0698445198245,41,2,0,38,0
189.84133911795107,2897.5665997085125,49,1,13,18,1
79.28171052874285,2895.4744166165724,11,1,2,8,0
102.79004951259962,1898.970050684144,42,0,1,41,0
134.0810812386369,2951.9181054534843,20,1,0,15,1
62.963308475086194,6516.434999216608,54,1,8,70,0
77.46262567343976,594.3038472661722,8,1,4,47,0
50.477548830314376,1813.9445833710465,80,0,7,34,1
7.580939647693519,677.39807538595,54,2,5,16,0
38.427819526191456,1248.4490415593796,1,1,6,91,0
126.51142466065097,2058.3962829423754,38,0,4,56,0
16.78368100041206,593.6103917300323,111,0,2,58,0
91.20882008881462,1557.0954660110733,94,2,11,2,1
94.79959037592079,1072.9690452543261,30,1,0,24,0
27.956311448665126,2605.634119126102,38,1,2,33,0
15.029641456825217,1631.03745171233,38,2,1,1,0
125.95887692472296,2823.6918679228856,25,2,5,53,1
57.59850581371789,1509.337767268994,6,0,6,29,0
97.18858054216884,4177.272761545595,47,0,9,79,0
86.13691398214672,1045.8689325938874,2,2,4,24,0
17.19541479280778,678.3293517136485,74,1,5,12,0
198.21921125811897,760.3317243193644,45,0,2,47,0
130.75396045934008,1126.7448772481193,0,0,1,26,0
161.25604858974802,76.06010497164004,24,1,5,48,0
114.98081254712339,2075.095861681376,30,0,3,29,0
58.992433302408635,3993.515803617098,26,1,2,24,1
121.29849816143357,3431.450569199943,29,1,4,17,0
52.01858221374878,609.9868461229878,13,1,6,73,0
202.2287260812961,322.7450913892285,22,2,0,10,0
22.09537071857882,443.5831946760695,64,2,0,44,0
85.6469880572821,2000.2265902862123,60,2,7,3,0
51.1028828530504,1982.0435141555167,35,1,7,11,0
66.39391617575109,667.2044182792324,5,1,3,38,0
117.45251717511758,3431.0123243432586,42,2,3,43,0
145.3595824771644,724.855709774322,16,0,9,57,1
115.82229855690468,1516.8953522811432,45,1,1,22,0
54.858457100768845,3328.1154590040146,34,0,5,56,0
1.5635124667844593,2697.084966033988,29,0,0,23,0
69.26731014780084,877.8741173700614,4,1,1,17,0
55.3457119580698,1401.530229440819,6,1,7,32,0
55.773769522575506,2385.8723850339325,20,0,3,8,0
9.169995287161484,1883.1507331716712,28,0,8,37,0
134.45934765885283,3447.141809743659,26,2,6,21,0
122.56909248331236,1396.927967594706,30,2,0,16,0
136.9353409302915,871.2095874777374,32,1,1,22,0
40.89894534168766,1345.4742223500873,7,2,1,7,0
209.2422592202055,1616.307078344759,78,2,9,10,1
20.41307687412433,1533.4045021735508,40,2,2,2,0
66.11029069296538,277.3620364605582,22,2,4,76,0
44.46192251257312,180.1261165175465,3,0,4,62,0
27.025951032222267,746.0671025190813,66,1,3,24,0
32.408381827733756,503.7030159414679,49,2,4,7,0
69.95657635453466,627.7807097531156,33,0,3,9,0
198.47053356149456,1273.452069297584,18,0,0,34,1
44.724710436181596,85.73876031187308,28,0,2,94,1
213.88526905847246,1791.022232423325,140,2,10,57,1
8.228538166344599,1656.112056397224,16,2,4,14,0
85.71699133347374,55.27585802287979,13,1,4,53,0
61.36990670679812,1829.0696022948505,16,2,3,49,0
60.64029799770749,1434.29062590846,12,2,3,17,0
139.56288816606138,5517.788290113168,58,0,2,28,0
30.23479462128138,1838.2068820712425,6,1,4,22,0
92.58445397423004,1954.720236323163,4,2,4,65,0
39.90078180294732,1973.1985704491663,51,2,6,20,0
37.73374882241568,34.72490895285364,22,0,6,44,1
22.207390035855255,1385.2878993369925,17,0,6,77,0
81.85782492708356,1883.2973363631445,72,2,4,40,1
160.4793940729521,1052.4076211700053,44,1,3,1,1
76.28944595653087,332.7287898434656,18,1,4,56,0
19.908489745675823,2420.1992743649853,8,0,2,14,0
182.08566616523996,465.2028156979897,15,0,1,5,0
167.37613294104918,1478.6577512377517,56,2,2,54,0
17.326579699874387,1474.1164844757807,16,0,1,3,0
185.05317953981964,3847.4573126629266,36,2,3,3,0
93.37421974039475,1116.2709730271163,18,1,3,19,0
74.82629898387393,1921.4242983686688,20,1,7,58,0
33.63349408445594,1256.474510092598,12,2,4,9,0
137.0045634601824,4152.662510518498,51,0,3,37,0
11.771235376210058,380.8084669848988,9,1,3,57,1
158.4756828139232,929.6049429119555,52,0,11,29,1
93.91641425886924,1839.0478311626916,40,1,2,22,0
111.0201400287359,3591.628001471067,53,2,5,11,1
148.57369744215475,1270.309525751246,23,2,0,1,0
211.1920986462467,1688.8368360012903,46,2,9,12,1
124.77914828861869,185.44814392832313,9,1,2,29,0
59.648647929084554,1435.1159715677359,0,0,4,24,0
42.21872165596743,2015.9857268353662,38,0,6,14,0
106.47785559111216,1472.706335075245,61,0,9,7,1
38.446655348247674,836.9655449220422,32,1,4,4,0
133.18671784192517,80.5775360244545,14,1,2,2,0
84.00864053738454,1105.1410573030917,27,1,4,102,1
82.95509046055716,1353.8821359937358,63,1,0,38,0
63.447215548680205,1515.473200629458,39,1,3,22,0
161.71669735307432,4208.127604827939,47,0,0,8,0
261.1649816432092,2756.619090167102,113,1,9,31,0
91.56664929716632,1046.1761851922765,17,1,1,1,0
61.48797731054438,843.7790884879571,89,0,9,13,0
95.78891203456732,1059.9915374865193,24,1,1,1,0
72.46559297389601,1060.2693880971792,77,0,7,20,0
170.63695102677596,3998.925955178711,12,0,2,35,1
112.02044950008309,2009.0396417464333,26,2,7,25,1
170.20051788335792,1155.5880116425774,29,2,2,19,0
38.230678109253766,660.2409366943634,17,2,4,74,0
98.13304155942555,1286.7835424150842,13,2,0,42,0
100.7104474231942,1177.9264659038515,19,1,3,25,0
198.86364177124545,106.62638363753052,20,2,2,24,0
56.47440226210216,1343.5492174834635,7,0,5,52,0
105.54585478652521,1009.1257591151054,23,1,1,14,0
84.40088382746248,216.67643918723513,18,2,4,54,0
126.59164617369917,176.95188972474216,6,0,4,42,0
85.69536478654373,7114.906258885602,49,1,7,56,0
115.36360552168722,3280.571087977364,27,1,8,62,0
165.05042310233614,4643.744999666332,46,2,0,2,0
127.8746002109251,2083.765606602612,31,1,0,6,0
6.01750510692969,2546.5790132978136,107,0,4,75,1
137.40460333054983,1704.1265676718253,90,1,10,14,0
126.9419339953194,2793.8958776227114,32,0,2,11,0
289.0682322375478,4577.7448013822195,40,1,4,5,1
60.22562957277235,1253.55880411369,74,2,4,14,0
130.7997637483639,3165.760853263258,7,0,1,36,0
40.53934206758033,2808.8660651123832,9,1,1,32,1
95.1115129908348,718.3751930407266,0,1,6,31,0
41.62415349128365,1266.2936628372565,46,1,0,27,0
72.10170351332388,2665.984853168576,0,0,5,80,1
84.73397697484421,292.3392696438059,12,0,6,58,0
89.37601824142628,4041.4188621394196,25,0,6,49,0
10.045902836442934,2058.878229193605,7,2,2,0,1
111.52549289284033,1712.578847157377,48,2,2,38,0
176.2895863265315,779.5802698198347,38,0,2,4,1
55.45623622499776,946.1393051440668,6,1,6,63,0
59.30920807010035,5347.90303026732,1,2,0,59,1
159.78137760310017,2242.219970593592,48,0,3,39,1
167.9448741568545,315.5120954512962,5,1,2,0,0
106.43913843977933,3606.58555054167,3,2,4,71,1
160.36176025765684,1313.833945095339,9,1,6,34,1
84.88065377239865,34.43002591978342,13,1,2,37,0
75.16052054956984,2364.777188994036,27,1,2,60,0
125.72122252078086,1233.1680607357912,96,1,3,45,0
104.43595457699672,4068.3475476935328,32,2,3,15,0
109.55729574652068,3813.9683452042555,93,2,5,34,1
27.02159046684809,3784.991097708728,10,2,2,45,1
104.72784228431995,2662.7029710847046,39,0,5,54,0
239.88731281406294,4697.229372802799,17,2,2,8,1
41.53789712395999,23.160461025760526,2,1,5,82,1
58.641639902293406,1696.2328513040611,1,2,5,74,0
13.592248506406769,484.5642210464747,47,1,6,18,1
117.7906579023289,522.691732040548,14,0,3,7,1
151.55796324015773,455.1159369883224,7,1,0,10,0
116.06230187422622,3744.6348773675327,22,1,1,10,1
57.1057675462162,2835.1110195726556,20,1,7,67,0
103.61625850390494,4919.483217545781,45,0,3,21,0
50.52530800040944,2416.84130112885,10,2,3,44,1
87.55174475774524,806.9311664731895,0,2,1,30,0
206.31409923957608,3018.33771275102,57,0,1,25,1
99.92239301602471,2206.3979841766813,60,1,1,46,0
45.625577237047246,1905.973339316086,20,2,0,17,0
159.99137164111036,2040.7526366597772,72,0,3,70,0
153.3423100086439,6320.053050772179,77,2,5,76,1
51.51464936720369,393.72811809609743,92,0,4,38,0
97.23543984176393,1363.2612477779335,19,1,0,30,0
35.36423291030856,1514.2935568872074,32,2,1,43,1
31.359237858924395,1534.6550161688665,16,0,3,48,1
75.94265749576748,2433.347175582836,42,2,1,63,1
119.01881994170279,3524.6710706907224,5,2,2,43,1
2.00458820246957,2127.5098945878062,3,2,1,11,0
95.43808853429053,814.0180637254973,15,2,1,16,0
109.4075681754993,1469.5801021499215,17,0,1,12,0
180.79931797245143,1411.0984529838456,22,1,7,43,1
70.47766906948169,342.5319594870708,15,0,7,79,0
131.49413618605297,2567.4910898134144,6,0,3,41,1
142.19898561860504,1425.697915583591,17,0,0,4,0
79.8906394709313,289.39924916872917,5,1,7,61,0
117.05653528144386,1469.1992260542838,55,2,6,7,1
86.64479662529237,1801.3257834254987,32,2,2,34,0
167.27514273470962,4680.973814827693,55,2,3,13,0
250.49599021561218,3484.251561696813,62,1,3,47,1
138.75167436386806,848.1984700208093,31,2,3,51,0
98.62863440029489,2728.4174485503563,2,1,2,47,0
62.17067185384771,1591.991409297938,70,2,14,11,1
3.7160318465952855,2255.9267175520754,8,2,1,17,0
44.79332864649942,1920.0472486100148,16,0,7,84,0
48.97268954165925,2213.1508497761206,33,1,1,30,0
56.97758409434162,1035.7622462064185,14,0,3,10,0
65.33979648515752,779.5480880848474,35,0,10,47,1
59.46496961229259,3640.7477056699163,12,0,2,77,1
101.8896218410358,489.8593839057339,11,1,5,53,0
76.92712231455258,504.5463586308863,16,1,5,67,0
50.760066090842976,1809.2883358223985,20,2,8,95,0
162.92246328574925,4014.1242304532143,37,0,1,7,1
109.58183795233543,2094.4392769035762,24,2,3,30,0
12.157496741760752,2110.8213283894856,4,0,2,23,0
55.95037161520602,3763.7257660119576,29,1,1,36,0
219.14011993587644,3506.555294439115,67,1,5,9,0
80.90052813661617,1720.3449419289964,54,1,1,25,0
4.1224211265119095,2213.344514018421,10,0,1,76,1
67.54665878785906,4289.098171262067,107,1,7,42,1
114.03385942266138,2725.9943844283325,15,0,5,48,1
233.4519330333388,920.7804103455492,64,2,4,71,0
18.953446606297664,1230.7286746816071,32,0,4,8,0
162.77827836878558,2758.271849079079,85,2,8,7,0
194.73488378786845,1852.4992914749414,92,0,0,60,0
38.198390644074024,3124.5004679439407,28,2,3,59,1
239.03542284730125,4720.141839175262,80,1,0,22,1
113.28924732499416,730.9000661254236,106,2,7,43,0
59.343020313925436,1054.9919835826506,54,1,7,1,1
77.94191806140856,836.9599960656667,6,1,2,8,0
42.997186743065896,2026.6650543673109,22,2,2,25,0
30.45029846709555,1384.3065536816396,11,0,3,10,0
57.558658707634976,4048.644589963632,28,0,4,45,0
3.545655676351778,1491.492951016521,40,0,6,14,0
120.22932764646707,1860.4171599716437,36,0,3,40,0
36.69104536789402,2038.2215627179703,26,0,3,6,0
2.4732491543936774,1261.713981940682,55,1,10,23,0
18.839083972011466,1608.4358359951766,41,0,4,5,0
58.44422225928699,2375.5239342115597,22,1,6,14,0
69.27206033476403,1588.3736260922938,61,1,2,18,0
67.27219101208283,1872.0299165219585,31,1,4,35,0
123.2870774722537,924.9331046792415,1,2,1,12,0
90.32733003059582,536.8738041866678,11,2,2,38,0
107.83852736712282,3735.6280696481863,37,1,7,78,0
125.81058671321915,2189.0849521536406,51,2,6,15,0
105.04963762616092,1743.0369668606536,15,0,0,18,0
84.16814737959606,963.3668228583601,71,0,1,48,0
39.583708869064196,521.4568324819066,5,1,1,34,0
112.90603119897419,3785.2309331879505,17,0,3,33,1
132.58148683262806,1364.836028564531,34,1,10,40,1
99.2880066998413,3280.5603952724427,31,1,10,80,0
175.2378175814546,1034.7840547510946,25,0,6,3,0
110.97267745262653,1031.2616663475492,39,2,4,69,0
76.33303042878677,1301.7042484356452,69,0,3,26,0
184.56246513615878,285.0278208817101,26,0,1,26,0
136.46662924156726,113.56419917719779,37,1,4,45,1
65.15806617442851,4181.766408937401,9,1,0,52,1
138.55207485762395,1219.8182642076652,53,1,0,26,0
16.913576706395837,146.2885672099565,7,1,1,41,1
106.22662539865597,2387.951910645277,2,2,3,47,1
13.631783670303243,8970.255398325255,102,2,1,53,1
86.51984411457227,313.9325510943287,18,2,4,62,0
125.41867381033175,1170.3811388441711,21,1,3,51,0
43.811444910383415,2734.638170878379,8,1,6,31,0
51.1979362248218,2726.002359538902,30,1,4,70,0
140.17197652941172,3764.664784347472,55,2,1,26,0
119.6499355399997,2264.670770953321,40,1,1,43,0
11.097099257071555,3137.8193829677602,4,0,8,41,1
177.62183976794938,3173.4728873159606,28,0,2,10,1
141.4616846285826,3075.484641244643,8,1,3,39,1
56.24564966427155,141.73624668671027,101,0,8,47,0
183.13058241674076,5770.103354181526,77,0,3,53,1
131.79923139502807,4028.7145762277614,3,2,3,48,1
24.735816778663033,1333.199923126893,19,1,5,12,0
68.00131333324016,1017.5142745892081,16,1,0,30,0
113.34102813215823,3701.0618296149582,3,2,3,57,1
48.318743768292705,2766.642458843083,27,0,7,85,0
42.69614302554654,1758.1165390257124,27,0,9,102,0
18.95186807087155,388.9913444693127,48,1,2,23,0
182.63502950203429,4414.481266187778,120,0,6,37,1
76.51142518322796,2484.426814359782,35,2,3,7,0
98.96962501974653,2665.2057865660304,35,2,4,42,0
133.86802254189334,2254.5098047361166,20,1,2,52,1
87.57927944621105,1833.2458084507161,51,2,2,30,0
104.40949514467829,1443.1828248333663,8,2,0,26,0
15.08745296992523,1341.8866864025822,1,1,1,59,1
94.26934848138225,299.4827266336688,11,2,0,27,0
53.981219521243034,656.2849756898652,15,2,5,105,1
110.54318840592353,1485.193412444874,9,2,1,38,0
40.91688121975061,446.1992277183422,90,0,3,34,0
145.93888217041086,1473.9537674434227,21,1,2,8,0
111.63740043903667,680.0941266668899,11,1,0,4,0
8.669870828167028,830.5686140465361,56,1,4,13,0
99.63973992818819,1049.9851171947967,34,0,1,51,0
45.91945830019432,1703.4333186294157,52,0,6,7,0
22.15931575302963,2058.7562256796373,14,1,3,59,1
129.67327312969536,1962.8523390708397,35,0,1,35,0
68.11520446258258,5909.949229259696,39,1,7,75,0
90.75086370084517,3603.5703006879444,157,0,12,91,1
50.89551747920113,4910.515099253201,82,2,2,66,0
133.67393301615294,3876.984665836896,14,2,0,37,1
4.137951800632102,518.7375522571318,113,1,9,21,0
164.9594925085116,4719.310035904425,57,0,6,36,0
44.06328089809152,2062.7836501384963,12,0,0,10,0
87.78700911144367,5178.068131208743,40,2,10,70,0
222.6896558757056,3476.6302060318744,49,2,1,7,1
168.1913092513127,4181.353825993597,6,0,4,54,1
192.28384412227894,1549.2124401308752,6,0,2,37,1
148.9697758685296,512.9422858854941,13,0,2,25,0
85.97275912836518,2625.965130399804,27,0,7,56,0
132.6404535629561,4083.5318800882355,50,0,6,40,1
6.235256644795214,2137.3226489890244,23,0,2,93,1
65.87724181454277,1928.7311407289499,35,1,2,28,0
152.52127339446437,2283.102791644838,40,0,5,52,0
10.253555202311702,607.825952841119,69,2,5,14,0
7.734088180383893,1459.9442111564995,27,1,4,1,0
62.2532220272025,1306.6829336415872,5,0,3,20,0
170.19480574960568,94.56619150949643,11,2,1,1,0
13.735644362799995,2159.7643099281186,9,1,4,20,0
317.53094979227365,937.9687602489635,0,2,9,21,1
108.18874950906029,4675.633744669765,52,0,6,47,0
110.46409057651363,110.96998062077535,62,0,5,35,1
48.930701319499946,295.115038118984,15,0,3,67,0
37.84768437153704,1623.4080838789757,53,0,2,25,1
133.30490885366254,598.9315807201972,14,1,7,59,0
157.18403920076676,864.756975509442,17,1,0,37,1
32.05137095985755,1810.0041782327523,19,2,2,54,1
110.78692146710405,774.8683800886197,15,0,5,51,0
152.4080752287569,1671.5355956961994,17,2,2,2,0
73.43957576695516,776.5564443027188,9,1,5,57,0
40.02873068659153,1618.173350905823,8,0,0,53,1
99.77257135365407,625.143854524789,30,0,6,69,0
136.4960745999185,2229.239071325199,38,1,0,22,1
229.70373824264223,876.3763051016294,36,1,1,16,1
6.706126879850935,984.727397666918,46,1,8,9,0
95.1777625543723,1920.065937740928,66,1,4,10,0
141.56135876584176,4693.255901811633,4,1,0,14,1
39.462366693894445,2175.262728623446,32,0,2,6,1
45.216687903195755,1538.172183686031,2,1,3,19,0
73.55235181272383,192.6200189597247,1,0,9,87,0
164.5040433084417,3527.4219387057856,38,0,3,24,0
46.93519865306918,4625.53452892828,134,1,8,75,1
168.87970793829052,2504.299928416236,38,1,0,11,0
103.42190164274689,2260.801772001857,22,0,5,44,0
71.5682807460363,2035.3439645920398,32,1,4,6,0
0.977793949087534,1292.9567466358492,30,1,0,10,0
96.45761607173065,1921.679418015112,40,1,4,58,1
46.02115749924719,3733.0610555291414,109,2,9,36,1
34.456730021791905,929.5290995653777,20,0,7,28,1
11.31441315759534,1412.1030759191017,31,2,1,8,0
134.0352748210748,2588.6196891749933,0,1,6,8,1
58.532021236742786,1068.4748718843787,13,2,2,66,0
217.03483903371765,2468.1730182635097,17,1,4,13,1
73.40334859878428,1779.9794828508134,71,2,8,8,0
103.8869371565126,2367.604537914377,23,1,1,22,0
65.0516987613774,2494.4560112471518,29,2,9,14,1
5.148702840627337,350.92086075439255,114,2,9,19,0
55.6497367583428,813.7743637800323,138,2,7,60,0
46.40103112623693,633.2493939211922,17,0,0,55,1
42.939544602037174,3414.6598505998522,15,2,1,34,0
105.48947151335113,2598.13390620502,29,0,1,26,0
4.79993635926521,1130.9601030420997,5,1,2,73,1
135.02247064459607,847.6031980392529,16,2,6,75,0
135.97638437623965,1855.5632419713797,23,1,4,25,0
64.65573888098581,3823.7379721424977,44,1,8,84,0
44.45573957307292,1882.0656867725952,7,2,7,42,0
59.82547233378321,3321.9853785809787,15,0,0,21,0
34.75484001744718,1088.299077841333,26,2,4,8,0
154.24792800195115,2018.3157082995954,29,1,2,17,0
150.62487149115572,3159.314204897446,45,1,3,43,0
103.1313379784986,1122.6238007422232,9,2,3,30,0
35.44734340588089,506.7809374341201,0,0,3,56,0
86.93607966741129,2259.832992606758,9,0,5,67,1
113.69122866520311,1839.6596547194404,31,1,6,62,0
232.3023600783135,2257.9404373968346,41,1,1,9,1
124.9948007742829,687.9501633655859,26,0,0,25,0
42.51851880473938,1151.0257229736126,15,2,3,49,0
64.29303818903301,5386.342294833397,93,1,3,47,1
5.40755642774797,5208.006151661444,87,0,1,78,1
114.55332780625415,2942.345779755768,27,1,4,3,0
39.04361264920407,1537.9560160880544,11,2,4,60,0
126.45019575459186,2851.5912841274003,31,0,6,48,1
132.82623155508855,86.6684768735422,26,1,3,47,0
45.164725991734144,1963.709528354947,15,2,4,31,0
152.53148827168542,118.55336659658121,19,1,0,6,0
104.63426105434644,370.12479715030855,15,2,3,36,0
74.32339657308552,845.7621270139759,9,2,5,72,0
136.77230899218068,3920.415379915882,41,0,6,41,0
52.25421603984214,1340.8321025729201,2,2,7,84,0
80.17430023864543,1604.6960403591593,21,1,2,27,0
6.385273737753309,1905.659724884405,11,2,4,15,0
66.86327174930435,1348.57019693635,9,2,2,16,0
92.26277309929364,2535.2543767348393,41,0,4,71,0
151.09952641769166,1333.8276612269744,0,2,2,17,1
36.52560369317354,4267.18793414018,29,2,9,80,0
139.92480122518285,4481.678491908915,6,1,0,47,1
160.34496631803367,3420.5402931363737,43,0,5,8,0
20.03413919028958,1184.3284814180772,32,0,4,6,0
91.85281961961616,452.5998081119027,16,0,6,74,0
134.79522023130045,2551.912946834108,42,2,3,40,0
26.032323509461285,1195.9018174264609,0,0,3,69,1
204.458603823143,2513.819748379853,142,2,11,37,1
100.13648662043482,4722.2394963646175,28,2,1,59,1
157.32846735882103,3848.6947930360675,88,1,5,12,1
52.43042683894173,261.7920044221771,16,1,4,92,1
7.224451627076711,1160.8392910183986,55,1,8,20,0
152.0876464935621,4474.83277936072,45,1,3,14,1
89.40372093912217,2734.5274162013434,39,1,9,29,0
68.44215123959238,1076.5697005601044,10,2,5,23,0
55.76583258901488,1245.2354124722117,3,2,1,8,0
137.57752926531634,602.4601983952116,13,0,2,11,0
135.23486948584286,2877.5322690709872,36,2,0,12,0
3.383430294984585,2246.5145355114964,11,2,0,8,0
190.210801274628,5102.841561551648,67,1,0,9,1
150.34713495392742,1205.8987777125253,30,2,0,19,0
82.09717747461877,1472.0183901029368,22,1,5,56,0
49.728496606993325,1846.6907889079298,4,0,2,29,0
158.96525758799595,6334.612879857709,116,0,3,50,1
149.93982861258857,1485.5653860182417,27,2,0,1,0
116.16912194076559,497.44295288250555,5,0,4,20,0
133.02702809945157,49.805313990605384,26,2,1,31,0
95.6668435849054,3178.8690610285907,3,0,5,73,0
32.79538703503444,1189.295721141707,23,1,3,8,0
34.104979227540625,2456.4965609210876,18,1,3,19,0
69.87207836716715,944.9115300426408,19,1,3,55,0
109.64778870166717,2593.0541067986387,43,1,3,2,0
37.483129309397015,1554.5387204860817,0,2,5,21,0
78.04060474153871,125.03289584459321,22,0,7,91,0
100.13683240140077,794.5802632489763,51,2,3,45,1
88.34919490399571,783.3844922138965,15,1,7,27,0
32.13498538031902,2683.472019332877,0,2,3,22,0
166.31295660419406,3629.9206338729055,5,0,2,30,1
82.96397066669493,2134.250346337262,35,2,4,66,0
58.65526933672443,1745.8972410673318,42,0,2,12,0
91.84608420089123,1888.293256589102,7,2,7,50,1
168.63288746905215,4988.64061971858,39,0,1,6,1
79.47197545919454,1908.8289766491712,15,0,0,0,1
83.8041445212805,1011.4082513532087,17,1,3,48,0
126.25818314229265,17.151808497778404,12,0,3,28,0
95.54728421046308,3011.8211560115114,14,1,4,48,0
33.65881381346345,3441.181229869922,35,1,2,72,1
123.53557691520042,2947.2168167384743,27,1,1,1,0
57.22202848478453,2408.964755699989,12,2,0,8,0
31.381568262491626,48.714799258156006,25,2,7,75,1
124.72612020069461,2561.5196439160927,31,2,2,26,0
51.41924722924219,170.59695847477724,104,2,6,35,0
110.78690228130164,2665.361260547108,38,0,0,16,1
16.343242015905624,1403.6925240184985,11,0,3,3,0
16.58561046283912,609.8679143122973,0,2,1,54,1
38.70448352704278,3347.0049043741387,30,0,0,27,0
86.99363995026931,1474.9829921715489,21,0,5,52,0
16.34949899333035,2479.2809351498386,21,1,4,37,0
126.97259938030773,3206.413153362287,18,1,1,11,1
132.731365661547,499.61387331212177,30,1,2,1,1
132.19276036115684,1877.5832470268606,28,1,5,45,0
66.60203631379167,1012.2266696249776,81,0,5,22,0
68.16616068103554,1142.1496521225147,9,2,0,39,0
107.78167003314147,2396.924835395328,3,0,0,18,0
63.656201737403855,1402.1201066074957,4,0,7,55,1
18.692461644690823,1716.2669391791305,23,0,5,8,0
36.172540446303245,2250.385422169079,12,1,3,8,0
141.14088937363778,1044.5730169774529,17,1,9,52,1
61.356405441315495,3701.3644201049456,6,1,1,39,1
249.06502835889538,4797.11999628006,35,2,3,10,1
123.01452471395537,3669.089845969276,34,0,4,29,0
45.10464036405874,2946.5454633031322,15,2,5,63,0
90.58990767741314,2387.1174662751255,36,1,7,84,0
186.93742765958632,3386.7325462414924,10,2,5,36,1
75.00357274654525,1498.6473091998632,3,0,4,60,1
36.54929798149887,1852.1234357596957,37,0,4,59,1
69.42136018841822,3522.141715693473,26,1,3,34,0
215.63030374081436,3288.7367658765916,41,1,7,32,1
174.39507036000077,1637.2827754472446,22,2,0,1,0
19.387533894001187,1447.5374637285809,6,1,4,7,0
112.49069078304436,1959.0472756112313,76,1,5,10,0
72.53958333534183,1560.2486912861214,18,0,4,50,0
79.50430575261461,3467.3418664218357,16,1,2,43,1
218.3128899900331,4691.490705885435,21,1,5,31,1
155.85064169568344,534.3162827712082,44,0,4,13,1
2.041531103232664,1264.4642115881916,26,0,4,0,0
21.18236201124143,2847.539254733905,33,2,6,95,0
86.21642126056113,1892.5687529944194,42,1,4,9,1
8.290139736913716,480.73052970194794,19,0,1,50,1
78.99288077126198,817.5670456716543,17,2,7,68,0
80.79684116302279,4168.47670700174,46,2,1,34,1
80.2674644131292,1888.2539009928505,19,1,5,54,0
145.08810991118588,1531.488727015141,103,1,7,28,0
91.73932735009923,2360.6939452921656,26,2,4,50,0
95.77512967528413,1946.4561043456047,21,0,6,57,0
134.91758833314853,3252.4072770701105,39,2,1,7,0
139.90188304300145,204.14900682474672,141,1,5,69,0
135.54891845076105,1812.3476665091903,90,0,7,17,0
123.57337545180236,231.65157839974285,9,0,0,3,0
4.174519367840233,1760.5360975055555,23,2,5,17,0
99.5144502202464,163.5288081760782,17,1,8,87,0
69.45075905098412,324.8671260728248,103,2,7,38,0
152.6556614947316,700.7064603109275,84,2,7,24,1
120.8148884010231,2966.773133212398,3,2,0,27,1
91.61376799622923,1418.4853520432714,78,0,6,18,0
158.04517267968328,4202.596998301516,4,0,0,7,1
56.75663831685816,1800.951737011606,44,1,6,2,0
121.20818261549343,2311.371039423572,59,1,5,9,0
59.05452811188847,1192.9638857109692,71,2,6,11,0
63.88303869160838,595.0266372869239,23,2,7,98,0
70.25677426089666,1674.8720672647432,13,2,2,32,0
33.23177488153436,2216.107339728535,11,1,2,6,0
135.13036845828464,5919.840337675019,62,0,1,3,0
123.95853456291147,418.26322823001493,12,0,0,23,0
80.02425025624606,1356.5292958116947,17,2,4,49,0
16.658890894148236,553.4615550438896,49,2,5,10,0
2.66595928494808,3721.476605000471,57,2,1,35,1
43.502787847228,21.5417922784398,29,2,4,8,1
85.86876960441967,2407.9877097570798,30,1,8,77,0
20.99563981678922,857.9029416524845,76,0,10,38,1
153.8109248233522,4826.310956032539,153,2,9,67,1
56.58117720732396,1728.9121694523033,49,1,2,9,0
124.88422980079866,2501.689192641802,52,2,3,11,0
80.95942176515311,3306.1397533666186,7,2,4,28,0
44.48977417695475,2552.5827001832013,38,0,0,35,0
180.68788610166376,778.1376658329448,56,2,0,30,0
113.46350872622625,3353.580164300009,5,0,4,60,1
104.91667112313598,2544.018147455663,48,0,2,5,1
11.832144828369536,783.9233592502337,22,0,3,8,1
122.47812421351973,2807.048331973001,6,1,0,20,1
33.38545514203874,2031.7626371801616,16,1,7,16,0
3.502740720364372,1769.1444201522195,20,0,0,61,1
159.3693265728205,337.5629936558038,3,2,0,20,1
109.3583354067199,585.8346695404348,20,0,0,29,0
25.42907967592362,2447.8640419767953,39,2,0,21,0
73.33739615474188,4690.478204972426,45,0,6,76,0
28.029900110953633,1213.3052645949629,31,2,2,84,1
3.640287456561218,401.1635718171673,55,1,4,24,0
31.54269606978133,2479.1991242244835,25,2,0,20,1
128.15865354774166,913.7228607815259,19,0,4,34,0
54.7805995015568,62.78773144378681,11,1,6,74,0
72.82028807846018,1038.9103435118964,19,2,2,3,1
155.45233790389682,3540.8468578518587,39,2,7,43,1
146.38055343954744,109.19888191705127,5,2,3,8,0
94.80830068368049,3421.906989848863,29,2,4,41,0
14.82299426335625,212.29064963825016,8,2,1,0,1
30.155596695170374,1982.7049245821204,13,1,4,4,0
127.39744709358463,472.10646946665565,5,1,6,30,0
94.95845700848301,1362.4516145013908,11,1,3,44,0
28.05405755610122,391.5090363685863,6,1,9,96,0
86.70151659758987,5063.74008792816,5,0,2,26,1
83.62282168561518,1809.5164765402328,48,1,5,12,0
45.17803742019812,500.5484077809565,34,2,6,1,0
52.69303049290812,1973.2465993208223,48,2,4,52,1
43.654568231918915,516.260223423572,22,1,4,11,0
1.2809425374659682,3194.397986746786,38,2,1,40,0
67.6311090102092,550.039440638908,15,1,2,5,1
64.71068998203152,2832.9805065493615,73,2,2,60,1
63.549312672067444,3835.282026753309,30,0,7,63,0
36.508528267087954,934.5026049792916,19,0,3,0,0
163.6180023821561,933.363134498758,36,1,0,6,0
100.32602723479928,81.77961024539513,20,1,0,35,0
120.98449203805328,3927.936147254067,17,1,0,5,1
87.25672103853282,2537.2342003152107,33,2,2,1,0
8.793829639092763,1458.556680922658,39,1,5,8,0
130.91167581029453,727.3467758167621,20,0,0,36,0
52.370149737366155,1629.8108841570481,12,2,1,63,1
194.62399521014902,3025.6122327177914,128,1,7,55,1
51.75378227940088,1717.0991598046494,15,2,2,20,0
136.77581760950858,1352.5863751755016,23,2,0,20,0
94.37850612693259,958.3922507717543,95,1,9,23,0
105.06097180907958,1024.4019462722072,22,2,1,25,0
6.053513988675974,1518.4463936840064,28,0,3,3,0
178.38756701706822,3596.2399722776763,73,0,2,19,1
138.4654741595803,388.31707468153854,17,2,2,28,0
135.43917863083567,2900.552207648038,53,1,0,33,1
44.826407230304355,1096.1029082587697,12,2,4,9,0
9.376157378698046,2247.9005852893115,10,0,2,21,0
46.94316566734878,2340.3173696435333,16,2,4,12,0
129.61006560921788,1634.2216117411854,10,2,0,22,0
181.33040179819992,4581.3536840606575,14,0,0,11,1
167.6934137586826,1538.4171323485516,31,2,1,11,0
3.1214000626520217,1757.7963423290075,13,2,1,1,0
128.7986384066514,1045.0386014994865,49,1,0,11,0
37.391181384459514,7831.8127557425,124,1,2,80,1
134.32901242343837,67.333219957908,9,0,6,59,1
174.85998954857547,178.14823627200906,19,0,2,21,0
222.6229288687133,4276.513037619178,87,0,2,18,1
110.31843747248605,3056.5399547956576,39,1,5,48,0
4.421327950675625,1463.72108100623,12,0,1,6,0
107.84157098957208,396.40652484930513,18,0,1,24,1
94.70505828863304,2831.105386520738,41,0,1,11,1
103.87582711007403,1391.9741760063594,89,1,3,29,0
6.810983668882017,1446.0753598150584,28,2,4,0,1
118.87870529226943,204.99431840047123,20,0,4,35,1
133.146520121251,4332.757600234291,54,2,0,10,0
2.030713318591417,1333.0984575974267,14,0,5,86,1
117.38077478039197,4607.737323233709,26,2,5,33,0
168.72363065063382,1954.6543681733874,22,1,7,51,1
56.79745215758565,1108.137063201053,8,1,4,56,0
130.07176024615123,3420.6916604636626,36,0,2,6,1
99.53927533095857,987.9096037453553,18,2,2,24,0
85.24541200367918,1564.8590080372228,16,1,1,27,0
114.44282704851761,2158.1071265232995,8,0,2,68,1
147.70650479824366,1426.7705634045396,37,0,0,23,0
76.72259375390175,2395.3495451426083,29,1,5,64,0
65.74840657101083,1470.445250677399,26,1,0,5,0
70.16424463237439,1312.8837769647535,68,0,5,18,0
88.29764417163625,1652.027253904841,11,2,2,54,1
238.04843323459406,183.13849503923916,73,2,5,16,1
30.660541158540696,4751.170650791931,5,2,0,59,1
169.613931421799,656.9822661062142,19,0,1,7,0
22.570056496089435,1412.8307187693576,42,1,3,3,0
14.668623149529708,1466.0837144898878,25,0,4,1,0
8.517952777141446,2105.1575224834605,9,1,3,73,1
129.2130666893174,1065.3634959767305,27,2,5,39,0
158.07942065811682,1158.9817346768943,49,2,2,12,1
160.85541785537015,1905.9870676677197,32,1,2,20,0
67.15189835094384,958.1337510771415,5,1,5,63,0
90.13327137027382,1731.3007884124781,17,0,5,61,0
155.41740126585677,1273.144603595036,34,2,2,20,0
98.55795838581166,5807.182188746184,54,0,2,14,1
87.20365910652046,925.4780244782417,29,0,1,49,0
84.48164229790244,3602.764531393993,44,0,4,60,0
60.73933700240127,917.6863393828958,18,2,3,9,0
38.92167938467442,1343.537649070468,15,0,0,6,0
70.97874270738737,907.4743884288648,18,0,4,76,0
94.77525285349762,1723.056729075583,17,0,6,63,0
40.42931073609751,1770.6745302206882,18,0,8,82,0
57.77508833060618,3181.835988845487,34,0,8,93,0
105.17200389977734,3166.903250180533,36,0,0,15,1
84.2989425612073,616.7874931537756,59,2,4,20,0
206.71082437973868,4712.191866733539,38,0,5,5,1
116.3393185802753,5578.73869900373,153,1,9,63,1
47.61468553983917,312.56754304107415,62,0,2,32,0
21.48925853392278,1526.3733872069415,28,0,0,13,0
74.40470539889812,3919.7330649665755,36,2,1,21,1
139.04994944682383,2289.4243310116576,69,2,7,10,0
28.149524978261308,5498.017481975222,42,1,2,30,1
101.63826004008723,1054.4294936702076,28,1,1,39,0
51.26306077843614,64.0691998238525,4,2,2,34,1
73.5829356168758,885.6145527952849,9,2,4,14,0
31.9663789224916,1892.7299965377988,6,0,5,30,0
40.26126431750241,1937.5277788364833,45,2,5,11,0
144.09059671007665,5310.945982324841,60,1,1,61,1
114.62685468522983,2871.174949219262,46,0,8,22,0
131.79016463647937,3662.3187306733344,27,1,3,9,0
93.11604289748112,1465.4051078477196,28,0,1,16,0
134.26045614473674,2327.9146928197842,10,2,5,40,1
167.63218980294016,395.4285643704334,28,1,2,27,0
104.90580255952875,2013.697335206566,7,0,1,41,0
147.4144314612699,1672.7215683900422,50,0,2,53,0
23.29449050097509,906.9111419810229,30,2,5,0,0
117.81732263397897,429.038919828334,29,2,2,11,0
73.59056690493321,589.8308664619258,17,2,4,6,0
132.45248269295575,2181.8946762703617,19,1,4,4,1
97.53969842316178,859.6411801719053,18,0,3,45,0
13.727614865181145,2449.100062139268,1,2,6,31,0
98.12817944220961,1362.3976199579408,0,1,5,49,1
28.085956807846642,2371.517289912126,5,1,1,10,0
17.448706203109495,1372.9812595750864,38,1,5,0,0
151.42463016675643,2920.8096664066366,31,2,0,9,0
129.96867082850318,2979.7471027609795,35,2,4,26,0
90.09918196917728,3043.349955537314,27,0,2,18,1
242.0681541117603,5660.683268529123,89,0,0,27,1
16.175309090576278,1926.397516532636,75,2,10,21,1
133.4330662948442,360.3392697202719,0,1,2,16,0
27.490531280263752,2839.3180862477834,9,1,4,32,0
175.73265877251742,1675.5627371766327,42,1,1,8,0
98.7895564931801,1645.9112162569759,16,0,6,53,0
99.45913245065668,431.3108292019008,11,1,1,9,1
80.83058808809034,2618.6725696517515,19,0,6,47,0
111.21306258114645,2199.002876817302,14,0,6,58,0
90.82837170919653,483.0982656317768,11,1,4,45,0
135.27369964852463,2236.1309219427662,34,1,5,40,0
126.8980472284639,206.5637722688167,28,2,2,58,0
57.12088437680039,544.3077938974657,94,2,7,24,0
112.24860203529116,1363.5751520337308,28,1,5,48,0
37.59593333239264,996.5926632283836,17,0,2,1,0
38.679647347486714,3924.7554333542676,19,0,5,48,0
123.14185646011353,1963.3878980698078,26,0,7,59,0
123.96043217554329,1366.778100881847,22,0,3,32,0
41.32570937680512,2257.1944237469365,50,0,3,23,1
43.23618581410085,21.185725669132353,4,2,5,64,0
64.70415855299701,2953.917676540528,11,1,0,18,1
16.53566401581878,221.15141460938935,42,2,8,7,1
161.847528468429,764.0458080840683,40,0,1,19,0
98.73525821213016,1187.8406207090363,23,0,2,33,0
49.991331402523265,2613.7622445961338,24,0,6,62,0
75.69579343034366,1555.8169579951682,17,0,2,68,0
66.55724492618774,1818.4531935054447,47,1,2,11,0
176.96667335903913,2185.536439378601,98,0,0,64,0
24.450787717901434,925.7851865422242,23,1,1,12,0
41.63066343745483,1658.3261059288907,42,0,5,0,0
38.91063653977704,3122.5087091240457,45,1,2,58,0
82.38517033090746,2328.168092221848,7,2,11,83,1
170.2938106963927,2950.9013772561684,39,0,1,3,0
121.19859265148685,465.7470781093414,27,1,3,2,0
120.98236671244949,4604.563543810679,47,2,4,28,0
142.6308106936377,1080.3251463280399,17,0,2,12,0
85.70933229544836,2375.7006415619576,21,0,6,49,0
17.76443640962357,915.612070564428,36,0,2,8,0
98.8527989250106,3873.814315797409,54,1,2,33,0
126.99893731683713,1944.4194322571825,55,1,2,35,0
93.98333352472127,1899.7113446152857,75,2,6,2,0
161.25284927229205,4076.8145659274614,80,1,1,30,1
65.65508846187669,3800.674267557776,5,1,2,55,1
232.99214147277928,685.028733485074,22,0,0,7,0
98.72382356103793,4173.184008758534,26,0,7,46,0
112.73858176599529,1609.056679828131,60,0,2,41,0
110.1817577749913,561.6848501145907,33,0,4,66,0
164.73066820795293,1316.231146676508,34,0,1,2,1
13.418805279924896,1005.1465151746886,6,0,5,69,1
28.41689506009998,1022.5056005421909,50,0,7,19,0
123.42066405646162,1202.7186361691306,100,2,4,40,0
110.60271280442939,1173.4636147277056,40,2,3,54,0
137.82581657464206,896.5469563113668,6,2,1,2,0
87.78742729170474,1428.7449049974193,0,2,0,35,0
42.29208411311129,981.3429125089242,8,0,0,14,0
54.30576139902782,3478.874510342142,100,2,8,35,1
100.3675939165805,634.1574518677073,0,0,1,6,0
2.407163368992137,1292.0437127117768,2,2,1,7,1
44.790153141582834,1302.694638184529,59,1,6,6,0
151.70453498494985,422.8182087940879,2,2,2,26,0
57.45073898091467,1526.9421164401983,4,2,3,22,0
10.172812196135695,765.2815547988428,56,0,6,10,0
205.26885107274904,3301.231880550921,58,2,7,10,1
75.0612061710877,3685.804961929797,34,1,3,48,0
128.33650863860515,1344.8422547621467,33,0,3,41,0
5.469745991061394,489.655693649766,38,0,2,17,1
152.06089687459112,2997.2901596155893,9,2,7,59,1
144.04097874448976,4236.442860910447,67,0,6,74,0
109.89285292474601,549.0674881546038,15,0,3,58,0
122.9068209895988,5664.286143324426,79,0,0,38,1
95.50956326555456,1242.1264147518782,3,0,8,74,1
121.49685551753598,5379.205120353159,63,0,1,25,0
19.35969744941497,595.687656967368,15,0,3,67,1
143.751841204845,1294.5765258973845,6,1,1,23,0
92.45521175292915,553.5042940721764,20,2,5,49,1
12.39782041782955,1614.714542063483,7,1,0,3,0
180.72075502540378,440.5928847486731,37,0,0,21,0
137.22383293676438,2316.3013070748098,23,0,1,4,0
212.72048747044053,5004.5360749406,184,2,13,49,1
123.96132504477588,595.1521532934651,85,1,10,6,1
42.18312629567989,1728.8978484616437,6,2,3,22,0
76.63543654433633,1382.9374608454134,34,1,5,88,0
37.49868864096765,1992.6907182653704,18,0,0,16,0
18.752165820314694,948.2150315148965,30,2,3,7,0
110.59612418434153,922.1724429481383,65,2,2,101,1
110.06530834397239,291.41161759303145,4,0,7,21,1
52.96243976962775,1737.6441537462233,15,2,6,64,0
114.22983768410897,322.07693596195304,27,1,2,9,0
94.15560567147104,3576.3708876259752,36,1,8,74,0
14.907067577440465,2112.8345225677645,14,1,3,19,0
86.35781550203161,1418.3380538664162,28,1,1,17,0
142.31797153982205,701.9537054085556,30,0,1,9,0
110.45822634088623,3413.783293652651,31,2,2,9,0
19.46902396652365,2065.7882474599146,23,1,3,14,0
57.95161904148682,396.3690570388245,68,0,8,29,1
95.31719587025918,284.4380275171701,1,2,6,52,0
56.85001237767935,3362.1119275103615,18,2,0,17,1
97.28171345617139,154.34498642108042,13,0,1,8,0
33.111836965817616,1359.2511291012547,45,0,2,13,0
124.65868608870217,1759.9920730868912,5,1,0,6,0
49.49643447283575,909.001126992337,23,2,1,54,0
49.708293386003376,1407.1053176497687,6,2,3,55,0
2.2463701426685745,187.93296087802514,7,0,4,63,1
165.24404328905078,2110.2675877010884,89,2,6,26,0
209.0673937310296,1400.3727110488783,90,1,0,52,0
8.219279014088812,2353.9669615763805,2,2,5,26,0
135.22315943155664,2480.8220157880446,68,0,5,6,0
167.23586356481465,6219.12890983273,18,0,0,41,1
80.92297695714078,2703.898291279761,21,1,4,50,0
157.50115148581676,6417.292376794975,37,1,0,15,1
147.94677173318334,2568.152459202012,92,2,6,29,1
112.59295084693213,1577.0503298581293,46,2,1,23,0
83.67217708720597,951.894332358354,2,0,1,2,0
98.96366887118825,5534.958722063043,98,1,4,35,1
82.29077975413577,2596.0245194433414,26,1,5,11,0
73.98477547923375,2496.6974189133743,5,1,4,82,1
100.73898896508098,2560.2428016363206,108,2,8,47,1
61.83195499679086,1118.406705595738,12,1,1,10,0
81.65860117970783,1390.1112258741518,5,0,4,33,0
161.8252442020402,4006.890105389838,42,0,0,7,0
85.16581172884985,3105.675510660011,87,2,0,57,0
12.620121244943363,2684.9993062095764,1,2,2,70,1
9.500444172895762,1294.5105927059803,5,1,2,68,1
56.714785599338754,1453.2834541820716,71,2,7,1,0
99.59467617177101,4904.302209818014,14,0,7,26,1
91.36579284885315,1451.9157461647692,35,1,0,18,0
160.63546763138672,1867.8333923940027,34,0,1,7,1
63.18548266248346,1872.8381707086223,22,1,7,64,0
177.94001406619932,5652.8262232688285,38,2,5,16,1
143.1403905826822,1002.0086581998994,29,1,6,65,0
41.426067561350635,941.594197224844,33,1,9,73,1
116.54421009161582,811.7282684202839,34,0,7,4,1
73.62928726552613,1404.8144877147292,22,0,8,82,0
92.92578314899808,807.0349623015622,5,1,6,56,0
4.1166789901878715,906.7888881450904,49,2,4,4,0
77.92009765691472,2968.670093890763,13,2,6,40,0
29.205584551626856,2075.516932920002,9,0,1,0,0
105.32997165834077,967.2278159939227,1,2,5,66,1
112.84618702573566,2830.092403635846,38,0,2,24,0
70.93569688272287,815.9583549616616,6,2,2,4,0
17.61178318856068,235.34988174746707,68,1,1,43,0
124.95476009315688,844.1057160168866,54,0,10,24,1
110.39870326499008,2641.241638293797,1,0,6,71,0
26.01797802974508,494.63459150220785,74,1,4,26,0
141.09077266005892,292.9369363569849,15,0,10,57,1
23.79548513197807,734.134498193788,50,2,7,7,0
51.439083375011954,5262.813250172293,50,2,8,77,0
72.43840403175227,962.7105112024049,17,0,3,47,0
26.385641528724886,1636.7423608808026,9,2,9,33,0
37.017064299614646,3287.0688073229167,16,0,3,37,0
104.9069026555991,1699.6813881513444,36,1,2,39,0
139.52585990726374,563.410757225005,17,0,1,12,0
100.12465014679614,203.54383595126762,109,1,14,17,1
60.04571558530774,227.48956451031472,5,2,3,63,0
133.0492793162146,3305.1809247050123,21,1,3,5,0
87.8456139244322,157.11079389208396,5,2,3,40,0
26.031130354574998,442.816354108611,80,0,4,26,1
4.130574202118751,572.3082735002545,14,2,3,1,1
22.0548255921327,744.8266433642107,72,0,4,18,0
66.9541601718667,1278.6447270482076,22,0,1,63,1
5.289093078226735,908.168713662684,58,1,4,35,1
10.798019465134146,359.65380306287955,80,1,6,45,1
53.99096691596093,2015.3046806644397,32,1,9,115,0
16.711005334958614,1306.811982453889,42,1,3,6,0
182.42784462055533,1651.6285503826377,14,2,1,11,0
165.70036763813863,5926.539983486505,63,2,3,22,0
94.4186241339155,3664.3204862578687,24,2,0,25,0
149.4938494929911,635.0128206371865,23,0,3,29,0
0.3918669928412797,2955.0399289966613,43,2,2,18,0
76.31510493579803,4507.871774707947,36,2,1,18,0
9.990474191648715,1704.9581936069153,25,2,4,18,0
38.0977044546468,1533.722919958059,35,1,4,8,0
80.39043814396088,3566.752376387312,9,2,3,53,0
57.83745863859114,4780.107127183973,109,0,6,55,1
26.729609411745543,2375.7477055174363,2,1,3,17,0
207.7452024203408,2154.383885655324,11,0,4,32,1
146.53246936252702,1016.0263096385638,23,2,5,28,1
31.422747459986887,4059.1126881562423,19,1,2,52,1
87.82459231388152,2083.8936465183756,18,0,0,12,1
84.50225306465893,3932.3715423026265,2,2,0,48,1
3.7408179001429787,818.3895310331213,66,0,7,2,0
221.51832310989528,1770.8363110611622,42,0,3,54,1
139.721289518831,321.186264856123,32,0,3,58,0
122.32103988274454,4903.9569251839785,53,2,6,69,0
69.24981392187357,1759.093920737702,24,2,3,72,1
66.69148344715978,8438.786669490593,175,0,8,88,1
84.31518123873944,3314.6906012614377,26,1,5,49,0
87.26184181001946,1303.9818922127308,86,1,6,17,0
1.892847745021065,1948.0546892995999,9,2,1,3,0
119.31257494449292,259.18783136489947,6,2,0,6,0
75.02788909806827,3700.0644490293944,27,2,3,32,0
78.7755822692358,2817.7497718304608,4,2,2,3,0
159.45578144149562,4588.47036057588,47,2,4,38,1
23.24526640056031,520.8012014627603,23,1,5,3,1
265.25207121359193,2991.24168179159,107,2,4,41,0
83.99455856393665,214.13869472033878,20,0,1,10,1
28.994154992764276,164.05233169376743,72,0,5,22,0
234.14029308745532,3597.7378707184766,31,1,6,8,1
120.19281428264591,634.9478859385611,117,0,4,54,0
64.95698365776218,996.3722888472835,92,1,16,12,1
92.30265223754063,3658.688416042087,29,1,7,59,0
72.90016894253111,6963.77755417253,54,0,4,40,1
127.05425180793104,2576.7260185133,29,2,4,28,0
76.52550967734922,1684.3203512158063,2,0,3,56,0
128.8182162860665,1664.088783890139,18,0,5,14,1
123.64965401021777,1421.4661842147707,34,1,1,27,0
4.890398464097032,1722.6238195044075,10,0,1,9,1
147.40900690505518,3660.7821904986404,52,1,2,29,0
88.14403729686705,1621.8148692127706,81,2,8,2,0
111.79641136738287,4183.011016968667,33,2,1,33,1
5.388413915371174,1927.6178808912955,9,2,8,79,1
0.7126220937911683,2821.039413028533,20,0,4,40,0
92.86466597402045,1171.2304585416007,0,1,1,30,0
86.31772250378339,594.9339125744411,108,2,4,41,0
28.007953527506068,3875.0069777547938,8,1,1,63,1
104.39817105025827,2356.798872152248,24,1,6,46,0
14.581455715800047,2181.0273334523654,10,2,2,5,0
102.6816059283498,4815.956708158504,46,2,8,55,0
13.34059381734243,2452.5921865743867,73,1,7,31,1
169.55901044081315,1195.0124730216219,63,2,0,33,0
101.10413574896367,72.6684075280748,11,1,1,26,1
65.83845369955435,647.7812055356762,24,1,2,58,0
83.24246521141467,365.3570574012907,119,2,9,31,0
97.37477716782594,2806.2316076770467,24,0,5,41,0
19.836778415509087,193.00360611140866,89,2,7,21,0
89.16617429028868,128.41361698142032,24,0,4,0,0
178.33099069187904,1831.2610690480335,4,1,5,49,1
65.94838085031869,1078.1502191495895,16,1,6,25,0
39.96556267340944,2747.05761304904,10,0,1,11,0
100.76277024261807,655.1144205546432,10,1,4,20,0
38.929402219641275,2110.415096689663,28,0,0,78,1
107.90403034178016,2240.099100214853,74,0,10,16,0
170.7737069261205,4317.214538941402,26,1,2,12,1
