square_feet,num_bedrooms,lot_size,year_built,price
1538.4259414793842,2,4737.48606581539,1975,539844.9706599354
2266.8638549582497,0,3741.4732126144227,1969,639527.361932728
2595.227812904989,2,6173.714187600541,1960,817126.1195935761
1244.3921617844073,2,8186.373253278794,1960,642339.6383755743
1776.5200429261793,2,6550.3109880695665,1984,704678.9507896231
1471.1906014832073,4,9806.831170476551,1984,807874.8323720815
2705.8383377892105,3,2739.5925506521526,2010,727074.308983506
1846.3613775584297,5,5450.528234495099,1954,641841.1293846639
1333.5697978087444,2,5634.906522500351,1978,605753.7883450943
2626.217902672154,2,3623.699309644552,1999,746133.817056093
2104.1831152965715,3,9123.007153272796,2000,912992.4705631024
784.6124489409759,1,4919.684098711313,1982,419186.2929384453
2190.0456770737255,3,7953.080699451792,1967,850416.6093935181
1086.5598229800698,3,3244.034826486878,1975,400094.31392969337
288.06033668552163,4,4095.3873615018465,1948,282664.76941306517
818.4129977035948,2,9048.619246573704,1983,654263.7160703503
1671.1689172448107,4,4329.724437657096,2011,611109.9823796065
1517.0762087440123,1,3648.5838416767765,1958,462328.0690197477
1905.404136579891,0,4731.382517058904,1995,627148.9192258905
2423.3536628680167,2,6363.782979252623,1991,787821.4582415227
1789.6457498005443,1,4969.380301654009,1982,588094.3437988383
2528.7477348558496,1,6238.308522010396,1980,855002.4584205803
1919.2453872258209,2,4987.858176920214,1981,687141.3405612004
998.9062721092637,2,5081.838350791442,1994,482892.4511702973
1412.822871048582,2,4952.895698251524,1984,565740.498383408
1137.1280934232673,1,6035.318040938246,1983,548416.5238224365
1387.1118497567322,0,7931.297537843107,1981,736564.8630126065
1606.6468536864693,1,1212.7706660924287,1980,414359.40227060684
717.5986143189724,2,5699.300094599387,1981,446926.37576414854
1814.17275463214,1,6248.23963410431,1979,665135.7238196351
3937.766915067291,0,813.9764386432826,1959,775123.2785404709
1756.633716556678,4,3940.4795924659225,1981,593419.9956519762
1188.6502400897032,2,5561.983735470065,1975,515702.21988575783
1501.8478359239236,5,8925.17438106159,2000,788183.2120459108
1038.7949077507487,2,4216.483701912356,2012,457651.70896091696
1069.3578993358683,3,5154.736615295236,2010,509977.4505596476
809.4776984231125,4,3428.027934730035,1986,413039.7691225756
874.4432118073486,2,5652.266044484236,1998,513134.73972467054
1295.9623134892242,1,7402.427844327889,1939,598154.402087907
1224.4071418357332,2,6556.7221523332755,1963,605316.418761611
1390.977052303813,2,8618.61269946622,1963,713673.411587026
1639.497081111901,6,3653.018751512263,1963,536324.6697714281
2479.173727110297,3,7201.919269997143,1955,891393.1904673097
512.2667168230644,2,5128.948829620241,1961,370678.9857193181
1597.3680973593873,2,6311.801553059522,1979,633318.7740383244
1570.1799349240234,1,7401.063316947745,1940,650282.3792705197
1270.55786856553,2,8367.855382915737,2001,695991.9777911977
1576.862552972764,1,3232.285127597734,1981,460330.77235515276
1926.707779390154,3,6189.508683330572,1995,758340.5409951921
1379.3711726907288,5,5819.637313857025,1993,668044.4330403996
2170.2252230115723,3,5638.349020838361,1942,679991.1441678497
1610.2707135069334,2,2790.27441387496,2004,516827.2481289461
1568.2676655413686,3,9026.774495053247,1972,773979.4064784994
1806.2343970068011,2,6513.577359973964,1959,676183.2397247645
2457.015676933393,3,3752.4620786083897,1976,693178.3608323208
1354.1531251033616,5,3798.72262016239,1967,480486.9406351955
1264.4376740910607,4,7165.382107774147,1978,650127.072765816
1022.2297796997871,3,4744.164817038467,1947,422035.19446366
1892.302143949012,2,9825.230843225832,1979,894131.1074666908
2060.5153336622357,2,3355.160135235599,1980,598856.3113052445
2846.516831990248,1,5367.669032645009,1986,848907.8570929719
1733.1791872231672,2,4531.960281786038,1999,594082.5782931034
937.2554763508117,3,5559.93725263964,2028,531912.5312907777
4128.722046672743,3,17728.628241751314,1978,1755283.6459386295
1666.831052643474,2,5957.959651492783,2000,681282.5368558215
5246.614633637091,3,27300.70759191402,1993,2437807.201427148
2006.2620179464886,4,38043.40242878153,2000,2365409.1711369585
3209.4224838307473,5,5921.92442122609,1971,994008.4602948898
843.8904032842969,4,7163.533455345658,1992,545566.6478017148
1720.9703247847046,5,5337.309343933455,1958,649926.7360012124
1607.6982527281439,8,6536.414433263475,1990,725107.8970298856
2082.3696772285857,1,1769.736368188981,1965,511372.7272270294
1592.418061847437,4,5986.635801761779,1962,624550.219326726
1621.8436057459562,2,3355.5592088671374,1984,480049.0395792578
1232.382394219716,3,7099.10543063867,2006,624880.9016182134
2605.2615007956756,0,6927.75823358982,1968,856401.9107718538
1385.2256723198266,2,3792.038748061541,1947,458841.52190147195
1680.7086586365515,3,3540.795060385181,1954,499095.15224448114
1345.3938120743928,4,3321.5649535547227,1986,493928.85926816217
1289.6191031594733,3,6773.774780194601,1927,540382.1583962454
2096.2537562389875,3,6360.432210900899,1944,729950.765819896
1731.6442650590532,3,5829.731000723821,1980,643595.0790527526
1746.2256320040747,6,5332.904416426112,1985,667853.6250660773
1538.0026957062057,1,6116.653825043445,1990,634381.2038197417
540.1634219011719,1,5050.77684108482,1979,352363.25912879634
1432.7516077991336,5,4921.385424744738,1986,580928.4819124672
1273.9548335834597,3,6764.666124646818,1970,633150.1291333218
2036.253668654901,1,6076.592158099265,1972,701542.5042454804
1936.2286641400724,2,2439.391202658211,1993,558929.1352022279
1393.8955150494241,3,5144.073722567489,1960,523388.652045107
1695.9020027012732,3,3907.5111034950346,1950,545152.0392733121
1834.3708277962564,2,4988.807962341907,1958,643145.9360895045
1592.2756515985184,6,3871.504802685223,2010,552597.480451419
982.378838790313,1,4785.9392800908845,1968,417834.8266531973
1442.6317792665504,4,3414.9585231345986,1990,520815.7245536508
1593.2271573847138,4,949.7148266847857,1966,388070.2650903222
1736.7962153175908,5,2875.39257254779,1961,529551.7891583339
2138.8384109492545,1,1931.7716585287553,1986,528276.5613819723
971.1445355220499,1,4973.005550524133,1996,470610.9803800746
1525.9729429036497,2,6455.25908727396,1994,658843.9982365865
1878.9609249618097,5,3538.087448569054,1993,639052.1986540108
935.1465726711909,5,6671.384224130284,1990,585686.9426067766
2281.706679416054,5,4297.171528572535,1963,710951.9655533415
2017.6246673618762,1,6780.396822249573,1943,707307.2352624044
2374.7883715934695,1,2194.789456400613,1955,559945.0226572747
1110.8476372988437,1,3920.480639381277,1983,422542.3956724402
1943.645418633371,3,6738.312128778546,1964,747533.7330131674
1756.5427100486465,3,6906.2500907521735,1994,732201.3569309326
1225.2298627022326,2,6830.780551120323,1977,609380.4972343909
498.0688177966233,1,4470.970317378778,1992,386670.29540117236
1894.5283436877594,5,6409.013079649446,1981,767778.8167886582
1176.2290971824204,2,4283.319695957555,1994,476891.333591005
1285.9424195170436,4,1886.836202680498,2010,445554.57248071255
1360.1199157520828,3,4442.074139336383,1995,530966.1826568047
2084.6477952228365,3,7133.349379178308,2007,789834.5372999256
1728.376609576892,3,5685.450692755408,1991,650786.1303348007
1795.907066870689,2,6345.72247193364,1972,651051.6985503027
1154.7294738418702,1,3432.468668827207,1961,386539.05852890824
1146.1652671906097,4,7533.822298373245,1988,654292.5359405752
1807.967803472132,2,2837.8733448002054,1991,568015.9741799423
1483.6526259529535,2,5768.130897878615,1938,569675.6175598047
2054.3517902914537,3,6181.309661384618,1996,761553.8305513443
1488.5659688505589,2,7593.989093122218,1960,694000.7600498924
1649.646290203246,5,6484.190744018614,2006,685916.0890614222
1638.688468979096,1,5119.865260532656,2007,625443.2479846233
1071.4212217918587,3,6251.334695530012,1958,550268.2830126117
1771.6800961899676,3,1661.1894377572567,1966,423823.7662102595
870.7475446623328,2,3580.8402905016546,1975,391066.60432168783
1684.3665736587598,0,5964.133454670772,1987,648849.9156151789
1544.7903406276243,2,6111.208932006897,1976,622212.7564478538
1888.0139569217376,1,2365.73616010683,1959,497545.23671181477
2114.490251244531,3,6069.63467269182,1967,788793.641039585
1372.5221032231511,3,6097.767670634728,1977,610030.1292775365
2581.62736165273,3,6290.96836228215,1973,858838.3021706603
2731.621056242643,3,5120.4604198820525,1976,819160.0142518263
1937.1945903563637,3,4047.558252910682,1985,607819.943327511
2048.5763558768476,1,693.3141602575115,1970,460987.69551913
400.5970216899591,2,2103.972199167512,1988,196196.33777819006
940.1912833554944,0,4022.301156427452,1982,392584.63923685934
475.029360711261,2,6429.219581273236,2003,449913.7022706117
1256.0442959271486,2,6355.851742678538,2023,641581.0428342845
2019.9523436980382,5,3661.854522680167,1967,630756.4369793549
940.1650526869281,4,4275.118117193736,1954,436539.7152822304
1101.5523722647617,2,56.71099974542176,1991,243945.6964631285
1854.151923600532,4,7377.826742949286,1987,781324.2231617032
742.5763876570677,4,3306.4125638631904,1971,325260.6314089269
1120.858965556205,3,5390.049968056253,1957,491788.42631253146
1161.2176738321725,1,1548.3865424188066,2003,350208.87174827186
1945.1237504182543,3,2816.132199209374,1983,577971.1323770266
3426.365745327361,4,6030.095372612096,1991,1019334.6112125244
1694.5795978339643,4,5744.210945213726,1978,681518.5852295924
1348.1369856116676,1,3683.767021849487,1953,463928.5053909068
2220.0586077247362,5,4820.528611425547,1966,729306.8501806987
2101.9422185844082,2,6231.542299542283,1977,786501.4749451571
1148.4117874370563,5,7298.546652571351,1979,628133.9061339073
1513.4429194972654,0,4558.071652340672,1984,509699.0724502583
1970.6552903837417,3,5381.2711825300485,1959,636620.2122251652
566.73169146347,2,3566.35535879439,1978,339584.9924621972
1552.1779687616065,1,8234.425149937248,1962,727244.1643762649
1642.7770374288284,3,4890.211998767427,1990,611954.314005928
1346.095764430558,1,5817.214615403535,1963,558679.2561826847
767.8125598950899,4,2548.4686739953177,1984,302476.1647328163
1207.6911346714003,1,825.9459627958622,1979,340750.5646664097
1631.74360766553,2,3994.0504588973135,1985,553635.6681174763
1979.6354130426034,1,7902.287215590083,2023,846229.3392801227
1382.9315215254096,4,4531.693250553328,2011,588686.2993107222
1873.9551280587668,3,1041.4003792484245,1958,444481.22920890886
1211.5481721687984,3,6900.847676372101,1962,603829.6987379474
1848.103182406709,4,4538.130939582644,2016,656717.6943515678
1811.4249661737495,2,4099.869057041513,1958,574707.8132295455
1825.695625652899,4,6908.003526986405,1973,781179.7914094008
741.6787252896045,1,5591.2489774941905,2009,493806.59485573
1623.2523892160025,4,2777.084086125936,1989,544368.4146822853
1768.3263762636432,4,2906.1780346361206,2003,551749.8634559109
2086.7369287426627,1,6325.7625373348255,1983,726843.4162101022
1940.8198784747253,5,8374.28327014513,1979,853362.4008002086
1052.4650788616977,1,2648.8107887502965,1991,365048.0534556283
1341.7957751525992,3,2815.374470654842,2004,485011.7089326809
1593.3045615781791,3,6215.793019433078,1971,616601.2706929934
2016.2326302755735,2,9244.312394025266,1949,885053.1521455904
2160.652016136506,2,3701.253923357148,2008,662032.9414235788
1715.0208235955347,3,5763.870904463107,2000,672660.0885433139
1173.6880103488045,0,6681.287097977448,1971,539559.8694634299
1573.3568432166614,1,4665.763839366291,2004,548862.4271743315
1791.0488517343078,1,7442.067391050706,1975,751776.5515786351
1737.3491164399763,4,7171.791131663156,1979,746525.7392149211
1605.6418461397363,2,3786.5994104694064,2004,528659.1217565965
1630.3368829119536,1,5988.060372565477,1968,597568.8197693923
1248.2621729419004,3,5199.302730175283,1948,500901.8771113416
2645.471286295371,0,1.1885702528534239,1952,534534.1162775047
2226.233767235373,3,4093.503181953973,1986,680730.0855175011
1946.2986691496546,4,1059.792364576329,1955,427186.49299638526
1175.1173865758665,1,6749.034148265046,1955,552560.3234467066
1285.2972294373735,3,5250.4490052958145,1982,546127.4247573119
970.3932390555242,4,3972.266165326613,1978,376754.2232186041
1906.7548180003193,3,6650.8326979760595,2006,768806.7011685106
1420.0307350182864,1,6715.3192464040385,1979,624153.4187196856
1087.2947350105223,4,2829.698946884404,2038,470868.021642593
1011.2223776007245,4,6001.834375248762,1981,580315.3161814898
1387.6172990536581,0,2266.242603169158,1956,389366.8905601447
1507.7895237907337,0,4653.85635143226,1958,506872.9485186631
2266.369456501289,3,6038.693028482345,1977,760078.0245495415
823.6648570782328,4,2941.256983635857,1949,372263.01666243665
1404.830660958196,0,2925.507691347087,1962,410425.8854392833
1014.1929807446743,2,2305.747420940607,2004,362404.55303422414
83.92220094471554,3,1961.3078490463154,1970,134367.3308990588
1474.3031382057568,4,7252.100501544336,1944,665427.3479337253
1659.8909670712685,3,3797.2647120975726,1948,516954.22078065353
1718.1618348370162,3,8455.086340201422,1980,784913.4438398696
2117.9058100034695,2,2766.9511201026817,1976,566991.5391810201
611.8768332667742,1,4809.071505821854,1978,370173.87654012756
1554.2798528882615,2,2712.5475853586763,1979,454614.85442291084
1359.1076955697463,1,4159.626365808285,1953,448545.94175082026
2040.0240328573243,4,8746.59555243509,1971,878463.1887470573
1764.8463771783654,3,5113.299849794214,1978,631534.7235769667
1350.4963247670662,0,5174.094136476342,1981,559883.831548884
1536.658983594202,1,6646.341167923829,1954,570629.4589471716
2000.5230462835707,4,5379.163233197487,1925,675892.9079550378
2274.510075747594,0,5203.712590523974,1955,715009.34852567
1199.8915614206026,2,5398.11939114694,1981,489416.4771933045
1059.0626743861412,1,4946.95748150188,1976,458306.6570707152
1713.5971809358425,5,6938.914401053474,1967,719236.3389199264
1468.2377126923225,2,3399.922871204707,2004,479493.4522043434
1045.3062726026305,0,6582.063894086094,2008,550608.1154730134
1910.172006306228,3,5506.330476075962,1979,664139.4081557271
1520.2958456019412,2,5097.720140651409,1965,598990.5850214311
1687.028284923786,1,1012.5287148570892,2004,440745.6605905609
1517.6317759858644,3,8929.450265832778,1966,791429.9703886949
1752.7350795833133,7,5952.7155387124385,2001,753616.2341331493
1450.830186602625,1,1614.086371609229,1960,338289.3204766418
565.0918302339179,2,5901.206825725078,1956,393588.302007442
1578.486480484217,3,6220.432339178446,1968,654506.404280324
1973.763231061429,3,7248.225439972027,1964,746721.3620330482
2454.708320235065,3,6852.3550950632825,1952,849819.3874036248
1397.7643895069393,5,5772.64663562312,2015,648378.7017193811
832.2592154500543,0,6113.106249067516,1989,473610.73939239467
1189.576200874442,2,3424.4324961835223,1976,439356.0643481343
793.1427515475099,1,5338.721648072156,1977,441449.8989428306
2084.794996213887,2,7094.635413242897,1975,779471.4465885407
1292.0165360263206,3,4806.7526599702205,1961,532927.5362710601
1722.1316557430198,4,6421.919936406983,1972,675901.0614169551
926.1543050921664,1,5648.114056443122,1981,490955.27597947465
1173.11683067559,5,3188.535398274762,1968,443912.16120822384
1469.6695930926896,0,8802.381371506015,1965,712862.058407559
2958.4872886110625,1,5319.712783994801,2005,899205.7573667949
2303.672788009996,4,4502.617747632906,1989,709843.1734559385
1254.1819071839764,1,5419.318830549251,1996,566282.8633483958
1345.4139382656804,2,4131.007545135369,1984,495935.1221810447
1598.6578537027979,2,5177.315181922875,1967,575142.8694263226
2015.2902928120286,4,6021.58417705519,1966,751117.451931903
1140.0778958026458,4,2042.9560192651452,1970,346076.50631293125
1509.424811472424,3,4802.823735431477,1994,557856.9231387875
1998.429386732904,5,7928.354477504875,1985,819971.0177513465
1736.2031389401886,3,3087.1272463639825,2009,572717.1891331497
1893.542301871226,1,3050.6366595453574,2003,538631.7063015874
1834.3274023789534,4,4648.872109001569,1981,675404.9695655565
1773.3667841006895,2,6681.240053009106,1975,662096.7713129189
1709.7662219535139,2,4758.103702784437,1962,615787.5568957254
1960.8250559622297,5,4621.759218445933,1977,674473.3214587949
1108.1232394377857,1,4422.902608248591,2014,484835.5160625789
5978.174528422827,2,8156.2361151243695,1997,1629548.329704605
2200.799296473215,0,5836.796441777367,1993,752982.4036705527
2184.3157787661744,4,6290.751899170295,1960,770648.0566632525
1249.1214782077318,3,3383.012794213625,1998,489040.9729925581
1431.3141058003016,2,6701.795924335945,1987,650637.1703500984
1470.2373219690999,1,3146.139056843834,1915,399360.4524652493
1869.8265758623356,4,4721.205598673531,1941,603753.3508618666
1558.663691654391,2,4958.196812071704,2005,603503.6664600421
1159.0078760011006,2,4505.645234958806,1959,462239.87232600164
1595.2498398895332,2,5663.9606611380295,1994,602044.6331816756
2164.5762650662155,4,6285.445519735088,1983,763223.8205578832
1927.777829510356,4,3586.214864025302,2012,651731.5909837906
1401.8250754575108,2,4481.915708358594,1978,525878.1092719907
1715.9612723369703,4,3717.0368095540953,1996,581364.4282180453
1862.883311949346,3,5218.789589209786,1989,672884.8205116665
1295.358780943448,3,3610.5737378218837,1969,465552.07718701725
2165.28745201952,4,3439.6017417650746,1956,610242.3838859705
566.367403704126,0,9629.317133347016,1993,592173.2429001298
1474.8976914791276,1,4400.646703986426,2032,580928.7785971005
1524.88684359048,2,6001.331442762419,1980,605476.4853039163
2128.5746084312864,3,4099.974284008373,1969,657878.6910009653
780.8610108413167,1,5226.540821075529,1998,411447.571137283
1339.3786169410441,4,8477.702703706662,2016,788343.9713200548
1336.1689267011159,0,3595.8938122452955,1972,448480.42560074874
1374.9767427005236,3,7784.930600128658,1985,704362.4732328152
1791.7721515059438,3,7083.449328117703,1977,759180.7163859842
5834.446193435155,4,27670.50265869259,1981,2624723.860510912
2066.885048433532,1,4610.183439294638,1991,685173.582951801
1332.9613845100298,1,7248.706719741005,1991,613210.1282624233
894.4919001187717,3,4867.840402705367,1966,412698.86082430865
1031.0874800424385,3,2244.661264085818,1990,345954.187658865
1696.6589196971859,2,9638.659079963389,1983,844786.5589418233
1098.4105246598276,2,6827.169252466499,2009,620393.7479646729
1525.443850928009,3,5329.521682473033,1983,590049.978046184
1198.0074066420898,2,5742.291746742618,1981,551451.4039550904
1123.2910648269083,1,5064.008298131534,1989,481750.96922489186
858.5038879057151,2,5153.643782120511,1999,456152.6106273296
1922.5789855921607,0,4442.233211698487,1979,577494.2357663921
1859.0928628539673,3,6430.762630882488,1988,712892.0391926998
2024.5046129184448,0,3954.553958961921,1965,560594.9284194584
1492.7738645608604,3,4052.3213058581678,1990,521653.37314553384
876.1084090175752,0,4494.863697213679,2012,453037.70259635575
1924.5510553715721,2,6391.075515131555,1974,699476.0090542535
1943.827712936918,5,6069.0112969611,1973,787863.7487321864
1304.1757162891045,2,5616.101079008205,1985,576506.5552258489
1771.2800217929823,2,4061.0512281300958,1970,571005.2882389987
1996.0211747682615,1,3663.8190927139026,1976,571228.0339857232
1048.974222821245,4,5752.819052195033,1962,533441.9947621805
2386.125798334872,2,4944.970189898728,2013,765960.9126371553
1702.1473774808487,1,5873.477103467019,2004,670543.5269624279
1395.389063127736,1,3875.663946843396,1946,500062.7007330929
1499.6457027116771,3,4373.8839389536915,1954,520702.13949552696
1835.670038225233,1,4679.73440886672,1984,638106.1946140961
1208.4612807155308,3,6720.9469767194905,1976,589676.0764765629
2183.4371337222624,2,1969.6178756028953,2012,586468.5507146581
607.0667540329445,3,6146.2556264824,1972,486142.1448434191
2244.931719301041,1,4553.595490730389,1947,641126.7772409724
2118.0465876052185,3,3528.940114820467,2001,687305.2944220057
1926.3868375611098,1,5135.711021054806,1989,675217.9572740718
1543.0719415231874,1,3344.8195587025607,1958,452606.0307218802
788.873145201163,1,3487.2985094313935,1967,341787.7092929127
1773.559557587605,4,5044.931785624093,1956,642409.5897912602
1924.8010485105124,1,3821.270486111577,1987,605459.9332520252
1101.9870715982556,3,4361.892128666764,2001,458087.5263551802
624.0855966241404,3,2691.2746635340313,1972,266838.10898503225
2362.348324880554,3,831.7741210028234,1974,533107.998315222
1427.740664642241,2,3649.643450051237,1964,470541.63684900914
3143.525062343387,0,27597.22501721482,1992,2032979.705280432
2377.6704212216023,4,9121.495849763975,1975,970162.8967511842
2260.50311357969,5,5933.341963932162,1961,753060.833738344
1991.345491972757,4,5512.059468627751,2013,754476.0288460583
1307.7222278850872,2,3279.1732694320954,2000,477714.8239542987
1430.8678494144076,5,5993.428306022465,1992,659040.7941426255
1306.1492200320079,3,3774.4226190312274,1985,506566.5894690554
1230.4386484255106,4,3784.249478648364,1969,480978.64670849836
1348.977250255068,4,6358.285550876391,1973,629893.3291794019
1295.9495804198896,3,3209.3073552739515,1960,428251.96961850254
1226.570529379804,2,3852.6759862395274,1979,423728.6865176174
1947.4621884722205,4,3563.185468861605,1974,610244.0755201761
1235.4736613268526,1,1874.9082862269147,1995,369993.9003199785
1286.55946502629,0,4683.984202842021,1959,475942.67989126645
1120.7523326499652,1,5065.593990823173,1975,456895.19455474557
1404.5481041363507,1,8608.696219573487,1994,713723.3009977792
1854.1782236496767,2,2957.534365738574,1984,563775.4200835221
801.4409074435043,4,2425.6728628315,1968,308780.7215531427
1714.1535486038242,4,2875.2129437062404,1976,536221.3708535294
8402.524671270592,0,27407.531794885683,1991,3062447.891521012
838.771021628215,3,2297.8512675839575,1989,322241.89049475576
2794.781821009307,3,7374.772103129502,1991,987460.6454778565
1036.6508455763446,1,4174.004355713132,1979,414709.4923365781
1510.6357883680307,5,7476.566142867272,1986,733877.8803557893
1338.9692418971622,1,3433.493415327526,1996,456223.01337170793
1699.5680571760354,4,3910.1618263821006,1979,565731.7782056658
1142.120005444624,5,4865.643419901289,1993,528522.7296146165
1501.6877532985804,4,271.4954780337557,1986,364354.99999407807
1963.1077011207963,4,7845.49627219988,1999,834321.3814008838
1648.492336616593,3,6043.883131233795,1985,692007.7463964787
1050.7660091044813,2,6073.019687140807,1980,515912.0401335465
1363.6382151261648,2,4508.513871828111,1926,460415.90373341134
1363.003459085348,2,8125.777537016395,1975,685094.9475024058
3230.526033801396,3,7527.413355309337,1990,1091415.4322128205
523.9561002387491,3,9266.066749312533,1976,598025.653043608
892.9056936061339,4,2987.965237000596,2003,411616.29136062926
1670.2946082002484,1,6102.952550479046,1987,626495.3417032626
895.2615322905973,3,4398.280505718348,1987,441307.33706142206
1611.8939758194492,4,3964.777401927657,1979,577410.2811727414
1702.0254284072691,3,4677.428576667981,2017,642922.1943003613
1466.9336926870888,2,4126.560527918809,2021,582024.3724346652
1420.735213486515,1,7393.143003328983,1979,652458.4238617447
1757.2194170293744,1,5240.5912634237975,1994,665660.3953807763
1200.303677277989,2,3320.556315638448,1937,429066.5137099052
1660.7966056696193,3,1971.0593816384662,2015,488455.51900705404
1857.000247046046,2,4553.0744293482985,1989,619143.7204486087
520.1649380601123,3,5417.727190009511,1953,406987.03665485204
1976.4372736014693,4,4725.102970744616,2012,735134.0461721389
1948.4196579327659,1,8224.441256510849,1974,794448.7938690302
1709.804986012059,4,4811.082571115994,1962,596111.3894162944
4271.295245429184,4,5267.0818095645645,1994,1165977.4473868548
1071.9580870455663,2,6660.671633088491,1981,541536.1888428524
1219.9094799015152,3,3342.0099781558556,1994,436709.3559584119
2247.469113726618,3,1537.5973931101494,1980,536290.8770657898
2187.4382095740925,1,4634.20711779032,1967,650842.0465022519
1333.0902551219951,3,6393.908809021472,2003,638619.7937277369
1731.0304466259481,2,4071.191475381225,1995,589449.9577449814
1316.7464898159742,1,6902.898554116173,1945,614504.2355252851
1325.3711478407856,6,4302.695731184282,1973,513241.9353125954
2086.3645096296823,2,4948.891858017109,1990,714403.9427963236
1696.7426927108747,3,6396.44662722718,1997,701891.0930190238
1076.519325840836,0,8189.010126449944,1960,603765.0972976157
1348.7651567559358,3,3773.1946729181204,1972,493909.15484042524
1046.218168979201,4,4522.103906267181,1968,440894.3886779533
1116.1012174479358,3,2991.718466495864,1979,409454.36173806136
1635.028679195711,2,1358.7933989029657,1941,379274.4499485516
1260.2535163003784,3,4113.911957743036,1985,502595.3264273904
1052.696348890248,2,7511.512251147042,1976,607898.2552135581
2079.6579031848883,2,2256.197714137287,2009,626847.4691420599
2187.8534066558095,3,4404.872993280016,1976,671059.5313101364
1496.739342385271,4,4597.016932104964,1991,569578.7759822661
436.38628982425234,2,6693.541550432988,1978,427491.52495800453
1673.251940865358,3,4064.5975973762174,1979,555770.7256586773
1871.063745535946,0,8279.929058742786,1981,776461.4594981981
1889.468251756057,5,5879.002461240453,1989,754624.1040353852
1292.3560430495993,6,5676.992814988828,1992,642730.9343191583
827.0101598766257,5,6742.594594914488,1982,543116.8358460601
1805.838144420434,4,3646.155999388083,2000,586828.3173914064
2438.397906279033,1,5826.869806447402,1964,782451.3827059048
2992.629501301705,2,5350.422837817024,1987,882002.5812655728
2206.110277707715,3,5048.438913345516,1978,734302.637563929
886.1960924315038,4,7378.940977849281,1991,601244.7277957908
742.127942501384,5,5405.846041702599,2010,468403.00828546216
832.3278206449494,3,5355.402001866508,1987,502185.7682489165
951.348736183578,1,5433.551127525258,1968,495864.857074889
2047.0957592354744,5,5111.449824577389,1946,668735.8692662767
1069.4560449132148,4,5819.525591918995,2008,565113.457379873
1381.722356390527,1,6864.38312852077,2002,657280.935518642
2113.4666119421536,2,6532.1605567693805,1977,772990.4860266403
2153.571377141214,3,5454.919869208259,1947,713631.1543421124
2414.8101008580434,4,6785.907740217539,1971,893461.4979578125
1797.5785127184568,6,5193.991929985436,1963,658676.3544930822
925.8683556236908,5,6622.793108983184,1996,566347.3816831283
1493.9555260769728,3,2097.6486198968823,1954,380087.15164994815
771.2242502675347,1,5164.879505869007,1973,400870.2245481189
1370.5475131479614,2,5566.575743092284,1991,582775.7503267305
1341.142451621883,3,4249.607239352126,2005,571600.0095623387
2042.9910580875162,4,3129.1225959108097,1969,583702.1154323203
1529.0113674041977,0,4914.35323737685,1996,571995.6943824601
2176.9361870827065,4,1573.730941818245,1977,550745.3265859985
1509.573888707876,3,5851.774412386071,1967,635271.3638298404
2137.437520639361,1,6794.1323937742645,1993,840732.7723340578
1741.93832559402,4,3937.571410784803,1957,551648.8601996377
1727.9520975853513,1,3786.9932235685205,1970,525151.2918451319
2178.1200142854113,4,6625.0516447883965,1978,825759.8026378836
2352.0527581277456,2,4895.191098845061,2004,772807.9363603283
51.87231090315527,2,6996.020219719305,2021,458109.619681317
1709.5095046830227,2,8345.144773675407,1965,775837.7033268942
1619.1844913673926,3,3145.293731618852,1999,522915.74303868
678.4055944229164,5,4793.490479701905,1976,433168.73948352475
1561.0049073226808,2,3848.7243475244522,2031,597811.270452417
1212.09087967766,0,3938.9977047789453,1974,449777.70479842654
1126.3941604260883,4,4957.265411303128,1931,474287.58327252
1837.4097460833018,3,4901.072580695134,1957,640869.0720432001
2493.637999615404,3,2263.369922334379,1998,683282.0078487132
834.383523221111,3,3428.021078984101,1943,358920.9384141778
757.5510157750482,4,6899.108270882647,1928,497439.8144509349
1241.9776358913132,2,6876.567611951996,1981,609881.5461695252
1616.0249686788181,0,4057.9233887633545,1951,500035.4369025979
2131.292051713591,6,1948.6873708598105,1968,595822.9582158758
1313.5834239541166,2,6444.762715655543,2014,622616.1071538557
2299.3235852523585,2,4482.407874665795,1991,722358.5769612195
1041.2485894928682,3,2754.9103875111723,2000,388128.461027585
584.6835515717715,5,3691.8486337451523,1990,362104.0384603082
648.7081978810799,3,5816.5055114289435,2000,496135.9523998091
2582.501172450542,4,5911.775544163215,1967,842910.9930586674
1858.7711278979812,3,4461.186331110885,2010,655742.2730982635
1856.499215086194,2,2555.7443822161094,1975,486889.9393084459
1305.7396124084953,3,1260.516600609159,1983,372098.82383270137
4273.743432649957,2,20341.944308818373,1978,1902755.5855937314
1794.27663488536,3,4141.511159402677,1948,607195.9794133151
3068.874266829997,3,728.6515720426087,2001,695051.8672690698
2248.0221557445916,2,1442.5595021914428,1993,559115.4128117693
423.55470352375846,6,2793.266787652253,1987,296361.95376157947
725.6908505681266,2,4646.451673768436,1970,419009.8193973166
1467.124869463506,5,8131.048058468681,1968,736071.4661683962
1523.2182740780745,4,5382.198136039807,1952,591333.992133012
1095.867139179537,3,5170.636285130048,1963,502863.17228674056
1744.5935650738318,4,5701.260198547118,1992,689713.9054052494
1734.387128037512,3,3795.575879276439,1960,537727.5472803137
1942.6157414944955,3,6251.016033662072,1968,722955.7498399689
2321.336476627982,3,2621.1762142653442,1961,627798.7410360591
2045.4902125929834,4,5773.617041378406,2020,757248.5885992958
1426.1987068506658,0,5646.335428369563,1970,560215.9062715487
2266.716850648163,2,576.2761773409866,1951,459154.7626978985
1113.4951080722667,3,5195.3521970976635,1980,536367.5640478333
1266.752310385901,2,6993.141021158895,1992,604543.7750394495
669.5195332420043,3,4859.668577082706,1988,403708.8985571044
1370.2266612080414,3,6026.2115963521655,1994,626900.1495605069
1761.0712729669679,2,6956.84422405607,1957,728366.9463808839
980.0470364372345,1,7216.365633475033,1992,577512.6837397388
1655.625077271768,4,6153.113926111533,2041,728676.7212260662
1977.6502791188764,5,3221.5183435433514,1997,661229.1143897546
1735.7341785679978,5,3419.0510891093763,2017,576139.1121607434
989.4187712198499,2,6903.099541148085,1989,528062.6121689726
1741.3439436046065,3,6843.603003954504,1988,737249.2279197131
1461.081401493599,7,6766.219554294318,1976,686486.1735263836
1966.295415936545,0,5449.369451503771,1951,616302.8994198833
2307.7914117741157,2,6929.703266194915,1955,817210.574610556
1621.669724661346,3,4908.827967289004,1975,599651.3575721434
1655.6543367214424,4,5394.584531262413,2013,662578.5212926746
1191.3734067265384,1,6677.881000939225,1968,544562.6434188511
1256.437308117652,1,3698.714861756346,1968,451672.3512769506
3898.1692921712456,3,31901.439917111125,1984,2421709.8778489786
1678.5562857558732,2,4560.656224324976,2009,610760.5510918358
800.3469125990292,0,5999.7282474807425,1987,503988.5348147963
1078.376702341904,2,4507.875023740103,2023,482667.39632886293
1382.689715021293,0,6716.902233313331,1980,581872.5512514303
1233.6495801690444,1,6027.200213139433,1956,520251.7652931557
722.0521768981863,4,5467.571823581496,1986,462877.30623160204
1941.8299687433362,0,4654.7454001183605,1993,638970.0527410391
1591.671002869176,1,6744.641273441356,2023,703741.5430887764
75.72868968496232,0,6543.39742129669,2002,371356.7169321129
439.6499236824668,3,523.537533350056,1967,106076.0729201873
2238.765040527631,2,5176.813772583695,1957,732468.9888161761
2719.8762031696365,3,7045.14086401928,2007,951589.2602670399
934.5557823370422,1,9113.087129659083,1989,683911.4295821252
1123.1319178212552,1,4509.223767994259,1962,448942.0788915181
1040.6567442569528,2,6111.025292684497,1971,533817.677868691
1174.988032796551,0,2006.941489819842,1978,344740.0266549464
1575.1968932381037,5,3481.734676892604,1986,554080.2836925973
1030.0484494455677,2,3461.7153004254033,1996,427949.91010773455
2245.363068424976,2,4573.114258139584,1982,726311.3771946231
2537.7003993227195,2,5579.549713792826,1997,827447.9889482146
879.1197122591878,2,5515.505080285501,1986,491779.2716178829
1654.9103551135138,3,2624.8031619409744,1992,502427.515234007
1447.0258228479322,0,4069.3790864398934,2032,573676.4632005707
1624.110293150168,1,5363.73251011699,1970,579480.8380946977
935.4741143913853,3,6443.34412808647,1969,564280.8379408169
2196.0011431722996,0,5359.788302306957,1998,724386.4847369209
1481.481601475794,1,3776.4618181894293,1971,457503.9091622693
1750.4222374722285,2,6276.102202881514,1943,649451.6459367372
1839.798874467338,3,3569.3925814800637,1965,547808.3708179732
1757.1273780089175,2,1937.7849948885555,1991,496127.59632598574
2003.756844918461,4,1266.9200972787676,1966,477044.89426158275
877.130610644006,3,5428.187488260408,1983,470911.827877526
915.660981190234,4,4930.576460589514,2002,453870.2046486119
1339.3070791735033,2,3349.0056064149767,1988,454265.56977046793
1398.903673783053,4,6094.194762340076,1975,571012.8863410352
7218.672836995393,2,3746.0658844244654,1994,1633359.8051505873
1359.3362214408933,3,6473.687794184867,1981,641759.9271203079
1124.1044749524078,4,5597.505816731373,1971,551412.1890000667
3253.574825383443,2,5097.043255889654,1985,939076.2791068706
1597.3037276186215,1,3754.701276531096,1965,482856.28648769483
1361.5933500555398,4,4557.492752828456,1986,545239.0805296912
390.3498136262324,1,5171.786012586661,1975,341587.21257276816
2465.1272930648925,2,27935.579321666293,1989,1895637.1309124422
1947.5191570380578,3,1837.618595935733,1970,531452.7272397412
986.7423502944699,1,7147.263499719544,1982,584258.8908563845
1970.385593994108,2,3020.743726859325,1960,540695.0216651945
1187.1613562518937,2,7192.938467621767,1953,590616.9114113577
1381.5906966299956,3,3454.3495709248564,1970,473203.274031193
1354.8627279056743,3,6838.152965975537,1985,607045.4965114258
1591.9247723768474,4,1039.0243116416505,2016,441392.62240704003
1389.5152002333884,4,4775.343900618341,1992,555030.5501176388
1012.7353476646792,2,4734.732507234853,2002,461251.2946967802
1555.461294854933,3,3911.2345509496345,1956,507031.98066074913
816.4310967698772,1,5926.412584198246,1996,521560.57910087815
1407.7373211720753,0,3751.309220573552,1967,468929.7824884329
2282.3218279070034,4,4928.347921780097,1927,678458.1818747496
1294.5928560227076,2,2818.0671395696036,1957,408273.58381014486
2359.6889531036486,1,3788.278358482213,2019,738338.8172765604
1332.7493820795257,2,2599.4071858884477,1970,425012.9093685829
2204.67372009279,2,3965.4230997992554,2025,705398.5064069242
1602.1945158014885,2,3888.9064410262667,1955,496945.48965749954
2226.7670385786587,7,5026.003783755814,1974,774618.0631757943
1249.2989265571816,3,2066.429618768646,1999,410050.9739583037
1373.823248936856,0,5646.158546232058,1974,568976.4414995288
1799.9643649981022,4,2580.6105143177847,2010,571726.834749149
1890.9114358886552,1,5519.765588496847,1955,660161.6209089601
1885.4325969434835,4,5471.229116217132,1950,649943.270968342
1487.9374564449984,2,5027.858583825892,1983,598328.3017929808
1801.5937155411716,2,4342.763048502031,1969,590408.8876271838
2312.979457681032,2,8808.273179146014,2024,1008514.7679460123
2190.727039345243,4,8499.16780841084,1954,863320.0419277993
1161.4191442439442,2,5151.609116387453,1999,563583.5607314665
1712.7287808924823,2,6571.600317301664,1960,675083.9877128326
2158.79876780398,4,5336.921952539228,1959,704577.4911154684
1670.575987408322,4,4845.796581171791,1985,611727.3098591674
1889.83026613467,5,4383.931431628517,2006,666755.6786444734
1398.2098199488191,1,4241.744518025026,1968,498212.5088190535
1968.7850688132792,1,6318.49133686481,1947,697138.2903666064
1752.0232577589222,1,3028.5479073289125,1969,489358.04683945846
4522.032292093796,3,4731.965666654165,1964,1154517.6499062476
2094.508265553776,2,3725.2257453869647,2008,696008.3475523407
2221.816001734407,4,4013.754355200456,1954,693601.7815089185
1571.4715473818533,6,2612.149987201889,2014,547628.2822299456
1959.5770868050008,1,2612.72633648704,2000,553311.8037487161
707.9320284972551,3,1393.72064748811,1985,248673.06460822176
1615.3504528593417,2,5041.772976591924,1954,581429.0988560729
2022.5442370423766,3,5498.617191283458,1982,690983.85566868
1716.4799126803482,2,9853.432972691044,1952,822820.100422155
1344.866621703272,2,6363.905942589928,1986,579796.939992599
1445.1950980370846,2,4127.228218946862,1978,521384.89300686563
1815.4058422773887,5,8026.8994864842625,1959,806370.0615737457
1780.3922631841172,4,5715.574720696566,2001,693193.4594256643
1023.0302903016775,4,5028.546135672868,1971,518513.10010977957
2045.7534259612307,0,301.9396167860241,2004,423732.35277150053
1794.2892022103047,3,3838.9531003905545,2013,584517.9978573923
2221.88230203663,4,2496.9211516191117,1978,611711.554359481
1191.1791615331517,0,9563.303673077686,1949,706342.9820127578
920.8176554037286,4,4992.794921818863,2010,537481.8310008462
1640.0805794098035,3,4947.188486082146,1963,579197.8549286892
998.0213139592507,3,3156.2803737493737,1984,412991.89814794477
1984.0923302664305,2,6141.225994439062,1973,716109.5963852251
861.6257120898453,4,5543.157674390747,1958,464030.48013869
1174.1998261970914,3,5091.143679807627,2022,579070.347979533
2419.0918383975613,2,5734.574626802681,1975,798593.5565879147
597.5589496677405,3,3473.4816869149663,1947,258658.03113961144
1010.6181421088463,3,4460.250129413257,1971,475666.94188695005
1468.703436050239,2,5208.402207903752,1964,585762.6246881844
1458.4472136856525,4,2187.3650726563324,1949,397546.4423397565
1792.2064902362422,0,5211.7889062304685,2019,665946.8140275201
1875.2895837608828,1,1965.6526066566416,1971,484221.15081066336
2376.1352217118115,4,2778.8483090683426,1998,677382.9351122576
1370.5727998150842,2,7446.16613419065,1987,662416.763595641
1809.855722983068,1,1246.894587916252,1967,407883.4066336652
1553.2151138459485,5,3574.3084346456712,1974,532847.3630816443
1577.5953419294897,1,4344.210566974164,1996,582184.1771197935
1505.1165305097936,3,7326.327504309919,1960,688211.6844093433
1250.1349119241847,5,495.0096854504691,1969,306365.18001563824
1230.5790719036308,0,5520.884526667112,1959,516594.01492704876
1462.7770421169164,2,5515.100781445529,1941,492339.5950830582
6680.076715676551,2,4108.994957198456,2011,1615440.405002675
1348.4101085828622,0,4961.160788224534,1995,497945.78555223724
1923.7108385752108,2,654.6609079719274,1969,419226.3942855759
1658.0779785913892,0,5670.116058168235,1989,601728.0007341667
1161.1275147375743,3,2999.3373507888505,1990,396298.74097253924
1542.8435807016795,3,2972.2080954149246,1961,491395.65665865253
1324.0393410917454,1,4025.594157610146,1964,450733.5520726185
1702.4908554804779,4,8530.908480562193,1954,787973.6727588195
1245.5181871462505,0,5784.831934357534,1979,536406.8225695431
1008.8529828726603,3,5907.017425108935,1981,537662.2843744413
2211.1849308492538,4,3804.979610616717,2014,708022.4045218917
3322.857137808445,0,14103.669626576117,1972,1336095.0644067232
4137.7538311938315,3,4487.64049500924,1978,1099858.127378171
2260.6580259612256,2,7434.317041650993,1999,852972.3256115685
1913.023585720753,0,4737.054808656664,1971,579325.8196037888
1735.707778193202,3,3335.2888537915424,1968,523343.69510889926
2093.51515278019,1,7211.051865915968,1992,831270.8196645227
543.359877671101,2,5483.924543132068,1945,384872.63753309345
2074.3186747143577,3,5401.138394461886,1959,686947.6119778086
889.6437870429207,2,3898.926301016833,1969,374889.9183730572
2544.2213864349624,0,7042.766590858797,1948,822549.9058055846
1872.5026564386405,2,3562.335224782539,1976,610152.2521980719
836.9761569589808,3,4280.462708421828,1971,410057.07585751865
1257.3470823160658,5,3515.031534923232,2004,509821.8261531961
1951.9674205430977,1,5873.119608315335,1932,666655.133605023
3820.1579260090875,4,23298.153774750717,1993,1986715.0571198836
1554.704235916485,3,2525.146723554855,2006,488017.34044462565
4305.268950399861,2,4629.424682244584,1980,1108598.027210502
1200.3124885231136,3,1811.1446824112659,1980,359187.7066369048
1840.7503486863122,3,4920.88969228669,1980,643450.1096214
1557.8373171464293,3,8102.303951045045,2003,784235.2518542777
1459.238663449177,2,3991.640337984657,1986,518468.6673052142
1831.0653372605234,1,5227.034690502496,2011,683217.6035215411
1592.3702894478622,3,1784.6779457638827,2020,476093.623575595
644.9158036716872,4,5615.603537784118,1953,424336.0414298652
2093.839694230782,3,2641.920417680395,1970,530899.9460395339
1019.9768523602681,3,1690.2251275434078,1977,333833.1803432736
1653.6497604383046,3,6799.199750866502,1996,723619.7091489459
1571.6942336711256,3,4261.445721507594,1944,541371.3350067978
925.602982420672,3,6358.746565913007,1993,488132.817215911
1722.3013341100705,2,2608.2338759296313,2003,559639.4547141102
1690.5791924413888,4,6506.683242209065,2005,725658.2080356275
1395.3430902103191,6,6366.657985622139,2001,700565.1736579211
1619.7022502676884,3,3839.893517259914,1989,534137.0073740227
2315.9284495445545,5,5404.657592845604,1965,780674.0476524425
1040.3077042067882,2,9148.165339499947,1929,613401.4965528819
2040.3903627773109,3,6119.58089586208,1996,747581.73813465
2415.7293829271766,2,2359.533585958716,2003,682403.1829607069
2664.089599856615,1,3701.444909867986,1980,724076.5174494553
1726.7671507569898,4,8227.422538117295,1975,796073.2145208571
930.5834411096155,2,6244.414288086804,2000,555738.7572400384
1800.6033744645574,0,5001.0559177131945,1951,591087.1085380233
1374.5834917724762,3,4354.640322315729,2006,551657.0925731531
1213.1499980307105,6,6045.670976070999,1979,611212.7684590166
516.8217053119992,1,2910.381611957933,2021,347951.733365062
2170.2305258951737,4,8346.904180597074,1954,864238.9382682168
1776.2449772085738,5,4960.724402146638,1984,661307.1964833459
6044.941226371741,2,18564.50167682538,1973,2171226.417035769
1501.5230100767071,4,5321.147962099729,1988,636472.5187794875
1287.8818333009783,3,4908.975509397515,1968,544765.748241279
1565.3702886430456,0,4119.9110266060325,2008,559844.2134994945
1097.842120170004,2,6259.059168443622,1997,546661.2842015722
2026.8208983039199,6,3048.2534940453343,1961,631445.4850090726
1390.449735595568,0,5653.854747528325,1996,553855.7766351561
1959.227221971207,3,6951.633438689418,1955,750479.825633493
1585.2318854982855,2,4314.90159828447,1960,517705.94001349347
559.0754772511805,3,4742.924977122138,1969,366678.57737448317
1315.194831978183,2,6243.143779712102,1987,608771.4035873113
1134.5349800290405,5,2241.3615439709456,1979,394402.2175133609
1247.1266478690316,5,8908.314867500572,1958,731279.4880335405
964.9576168369238,1,8693.273992095332,1949,638929.4483533243
810.1909176055348,4,3056.686530917428,1967,350943.196097258
1234.5656135398397,4,10053.864851747243,1970,774723.2325895171
1951.1385868933235,5,5031.236667899206,1961,692071.2941393922
1487.902196804542,3,5807.460180673219,1961,622742.8581730621
1289.6773386173204,1,2169.2585158991715,1973,344846.23721568275
2226.630331660517,4,4538.267252310462,1953,697187.4303446237
1585.6841405949854,2,6476.933159990821,1977,672006.9409647561
3054.9592780026805,2,8991.334979567928,1992,1086607.3345117327
1324.2432579793456,5,1258.4161579482889,1980,405283.59575951594
1691.4944923704643,0,4229.956376574272,1982,548795.605562156
1634.2961394316285,3,5114.026249794169,2010,645072.069445465
1440.9657365044607,2,7634.23013467973,1937,643443.2175492012
1736.9164604558937,3,8731.549022289513,1956,790272.3241572838
1384.7376874098745,3,3564.1622185047963,2003,486230.1466693107
1174.3215531040855,3,5799.3759035052835,1969,515032.0881441954
4622.993334620341,5,17658.26201221504,1989,1898401.8687993195
2348.228184145019,2,836.141184232556,1984,518513.46907426504
887.8508818553171,1,4723.088032032452,1975,398896.7309835599
1401.7667082859514,1,3967.1407122248565,1975,440642.57499635883
1314.2795670021042,1,4314.624811839302,1951,446807.9190385959
1347.3876478226662,2,2869.7726738492547,1967,393504.367388846
1643.5620826009122,3,6906.27326782649,1967,723866.3831142343
1208.620671194209,2,5530.724698799257,1931,509456.7109656574
1846.552803631572,2,5857.633000661146,1983,671429.2038558173
1735.022093684101,1,5864.525901268311,1965,680279.4299071219
1778.905153175931,1,7780.415098034627,1980,774437.0952767493
796.6694515758888,0,3776.9643940161036,1961,322685.4823458105
1155.406090955216,3,9150.521745250531,2014,702619.1911560983
1038.9173379111874,5,6513.977233290703,1997,646301.1806985876
1407.1705116680914,1,4041.65152430942,1957,442725.22921381734
1598.2773882557874,0,7893.955768707466,2000,701445.2911473929
2098.623461822614,1,5850.97986648046,1952,714725.0943287386
926.827303490656,1,8266.863064602192,1986,663503.6620550263
1694.8070886854518,3,8741.930350743565,1962,815743.391644479
1571.79396825258,4,1097.7962719227503,1943,383526.78964770073
1733.8465858827167,3,5507.479322989147,2001,685038.3701593064
817.0221443997328,3,6367.138646400956,2004,552829.6723756006
1750.8913680837725,5,5320.036451705575,2002,703358.6679977686
1812.8154668230004,3,6104.599875359047,1966,689416.91561194
620.6302567884428,0,7116.848973699176,1956,458052.52212168486
3911.981040121306,3,6386.957823827987,2001,1151492.23665767
1258.0570829728392,3,3697.163992771103,1973,444390.32445578946
1820.421430633505,3,8595.373053699044,1968,806239.4372743177
1590.7133100569856,2,4087.7583450516236,1991,519671.4429800706
1871.3412091798612,1,5151.910535832175,1989,648896.9760916859
1355.6706805399308,1,4962.97372801522,1986,515511.00036572886
1823.5979698513706,5,5798.446245210558,1970,672570.1198864867
1879.5775801513234,0,6082.925456409576,1968,671659.6718738131
618.479922318633,2,5687.236579136923,1986,461897.85914746474
1408.0083318236605,3,5341.730876255884,1980,597054.5422975726
1323.4168535946558,2,5388.768603154672,1986,528711.7888042012
1711.7995327967305,1,3089.754841301294,2021,528055.0858930041
1657.1236662976369,0,2974.3377593311525,1961,479957.0449858493
1834.8362744150193,1,2391.0609989902937,1987,483870.5569617523
1294.25342771891,2,5145.361048658683,1978,529626.0749767757
1654.9994915827776,4,4628.308495614506,1978,611416.3650777718
1321.2772885947863,5,4619.921929997011,1976,521884.66512153513
1283.7209060901896,2,4024.7875518550127,1987,487091.0689337078
1166.1102217655568,2,3126.987250420808,1985,387890.8969757877
1223.2058791460026,5,8355.401628152882,1991,711383.9043578204
1962.3168414563843,2,7798.710873172004,1981,809794.5506327278
1747.8409439863024,3,6740.135461377508,1983,687715.0871955026
500.8996577339461,3,5157.2703806321815,1998,414852.9453376063
1195.7051383801497,1,3350.971676944653,1969,405296.8555447289
1000.8229796306046,2,8101.000985628154,1999,655264.4442958715
5119.171390404747,5,6926.752258488644,1996,1440650.173686675
1588.410436069699,2,3556.5248933254934,1969,531791.1404796914
964.0713834799222,4,6340.961234482425,1948,520366.8284730639
2334.5107626446966,0,4328.430601419744,1974,668735.5717774214
946.7370456291649,3,4462.222618890339,2031,495904.49013099563
2505.1022693831746,1,6317.088545345661,1976,833740.8417246458
860.2115166321493,3,1318.2515373367096,1967,255932.08159977943
1986.277224813365,0,6264.815478111042,1992,723308.0526923027
1627.2104216506066,2,7335.564123319615,1986,704180.456739967
1803.00497567282,5,1886.7416529521925,1954,465680.0594311547
1415.5891384049946,4,4791.101562925057,1981,535620.8003912579
1122.1042499208186,5,4611.461736042961,2000,559985.4716500506
2789.854668827159,5,4823.435903297491,1963,807265.4642224805
1060.0928232489728,2,6125.76172034871,2019,563448.5467113119
2977.358712258197,1,40805.40686568373,1963,2614373.940424442
1321.4853995966953,3,1964.252506638381,1997,427408.1927901469
1393.2764241440764,5,3563.111557495128,1986,506911.86913773115
1929.793943489901,2,3900.8857281828396,1972,617957.9165605969
1023.3356958706438,5,4034.512955635935,1982,444922.97447104816
1517.2205058529207,2,3980.386613618235,1930,478043.3150959719
966.0985392104035,5,2892.635161707292,1999,390144.5248622502
1021.4245425524786,2,3072.4821475787785,1986,426811.99844490236
1303.3305938363196,4,5737.346617745802,1980,563781.4812739638
2288.7266398817374,3,5498.76736742151,1978,766880.1105519634
1351.696270465101,1,59.12015538860578,1984,299970.7994810924
1002.8253126957438,2,4542.800169319963,1928,403981.0529541769
988.6037174007972,0,6227.035945460833,1974,499366.78757564694
1234.5015224990912,2,3724.520031497368,1967,437529.8920800181
838.4551032962509,4,3722.0765046209954,2012,426671.07532988215
1193.9165414225895,2,4032.8770323069257,1989,466487.1198672944
1140.4233403787898,1,696.3691973413897,1975,287180.71027872566
1000.9696863427935,3,7103.895235445837,1972,621599.1590726775
1723.8584629051388,1,4785.395711991542,1948,550891.6424804482
1057.5986429865495,5,4113.43549761698,1976,435795.4438865773
738.4065476081126,3,7390.093257849685,1968,533420.3314470816
1051.6788863423958,2,4778.669262885341,1996,536863.4271658326
558.4248959707081,3,6425.424057722663,1972,438882.6907208802
684.7633781424299,4,4626.207683676031,2004,465045.39592116885
1630.5276360899447,2,5592.240554129152,1980,659271.5712059755
2136.176750053384,3,5528.04016266734,1994,736565.5933098838
1575.8789961243701,6,4360.304953490312,1963,587570.708483095
1575.1508807309388,2,5228.455297324079,1972,621020.8734749624
809.9492708925543,2,8257.231091142585,1945,552268.8539158903
1710.486472194695,2,6397.6568404050695,1989,686908.5292571452
1664.3812051517402,3,4871.723306814015,1986,600828.7880920758
1015.8277725681824,0,6100.104198049104,1982,489875.6298022343
1121.6024557152696,5,6992.095371611633,1951,581939.7088223154
1268.4193189573004,4,7400.523499477658,1971,630231.2334300978
1626.1201982133387,3,5183.504968896746,1977,612080.9574526895
1177.4401226974378,5,5723.272050095268,1987,563252.1624230781
1775.7426880202338,5,5246.4096135689715,1980,672144.7365183103
1616.1268485805017,1,3639.9505568430186,1985,489104.98463417875
2044.3743098520931,5,4255.586447857894,2017,715271.7890076024
2044.475298483683,1,4056.136268421133,1981,639372.4523499717
