study_hours,attendance_rate,previous_grade,homework_completion,class_participation,final_grade
21.70865438127942,54.77721866841431,77.43264094022715,49.347474110150614,74.6170265333809,100.0
26.29628841923612,79.60949281314915,78.1286211883896,88.49399813149876,59.60635607109019,100.0
30.31844539468635,96.704668265306,71.96554776511574,68.40403412588738,67.19692533757961,100.0
19.34249738927012,80.65817812596781,85.65524029234341,66.61617229092617,47.15219642824338,100.0
11.695555934434347,76.27977213847537,61.91734278359074,89.68287076172693,96.08349495696368,98.03722639334609
11.72769056447677,70.67012041619793,73.22718560338089,74.72230296011415,54.96205953043287,94.49531812852148
38.54092566334188,84.46217526832166,59.758131756707954,97.70174614863197,68.17378737425075,100.0
2.4126051357688567,85.29077189997659,80.58424486849587,60.52614809129843,90.52947336298523,93.30016128001806
22.96984673233186,55.193150803735854,75.21941565616898,56.44573933682877,81.72734307665965,100.0
14.556172754748173,76.01292307031886,55.75251813786544,71.61335549270197,91.98473153382331,90.63073334913533
26.20672097550678,71.28722046672743,69.25566570899954,64.09294236262697,46.446629201643155,100.0
1.5289059295248286,82.61986990368815,58.966333938261265,47.456919403450556,50.03150569663333,66.78101285346929
28.539759765522238,80.13506751734432,85.54160420714774,69.97293328242823,62.03543653282053,100.0
23.350580290841176,70.05828320479363,77.31870704288295,70.46931750765204,80.18714163157293,100.0
4.433708264760963,64.4348446418586,55.91538703636441,90.73513838755333,62.15915469221441,81.64016201679347
11.690498835889622,62.04013845480276,70.48521627944827,66.11409113641696,62.69311924352956,94.347150891076
31.49273326285676,100.0,69.03940100275351,76.83014721968043,61.36543260643339,100.0
13.481638921978409,74.00880302029024,57.889838002375434,50.0771990659656,79.57888688166061,84.90175507980584
11.439161740911327,62.25233445802812,78.30335816544246,68.10958650689633,73.72330879450504,89.9489384689328
17.491669835449528,97.5200047793323,66.77320161157864,53.67283999887235,58.64807367145809,100.0
29.755451271223592,70.36181436223178,73.31263431403563,62.41173715166042,83.96920178674299,100.0
25.92526949201183,93.12549345889714,80.24062525811462,100.0,100.0,100.0
4.070062664683308,65.9794853407318,73.19781934142537,54.989617576226934,71.5806325921894,81.95842788573191
30.309995224959508,64.84616999541062,76.11676288840867,69.22376579375525,74.86125954092192,100.0
12.871542173228356,74.50870094676003,64.56575228866235,66.79711588139412,61.39506989679646,90.51515254405783
26.256309336460006,56.51215027847236,75.52299937679523,87.72261319000002,49.49293290309632,100.0
20.327969954115865,80.15681822324828,69.5134764842955,60.642736276574354,55.54361610684084,100.0
13.50626961678574,86.16287957249905,68.18775826781896,65.28687291547261,64.62489771968167,100.0
23.338599665685347,74.41039068558553,68.65503215598267,71.33879289488698,54.74975307135254,100.0
23.829889847409284,95.82506667312671,66.14978188287137,67.10628215223868,62.50404735772554,100.0
21.686546719667277,71.62716027287883,63.4999741917654,76.15277824438152,68.03114549361543,100.0
20.29756139495745,85.22251046058936,70.28318376130461,74.40667269215018,85.79729279999356,100.0
5.692248978819519,100.0,69.59842049355656,64.85411546911095,91.6017582317421,94.19957480178243
17.76537214674149,58.93661252908332,74.82472415243186,62.14263665375576,79.3850102164751,100.0
11.917017146448485,77.75013008607527,91.89802933217672,88.08480955081018,58.489786556679256,100.0
24.74698232879953,74.86321505033695,80.85895565831578,75.42271736053692,56.52298027313444,100.0
39.87061111699441,83.44321290261533,61.20185646497946,100.0,88.46311769732102,100.0
37.359638031652494,100.0,63.10812181910432,77.963994070386,89.76091098451488,100.0
32.71555094994159,100.0,79.35678393147461,58.34136231801257,58.33274968613687,100.0
8.021221074111516,59.47136516370939,64.46350694652818,73.39454460068163,58.10690751606484,71.4694571556973
14.697423816275592,60.21410930496684,75.04046515517844,89.32713480751858,69.05981354090243,98.4112975708353
19.653151126132187,59.93788849871898,62.32202434895871,61.220220802737025,49.833242334485846,94.9789570760782
36.42015160136369,65.41557378465747,56.76910206592502,42.699148295944276,55.129114758155396,100.0
21.73180925851182,78.21140616195306,57.542612212880115,87.84598191485209,63.302275718994686,100.0
36.17212574968624,100.0,54.357583882889486,83.76619470708727,71.58841679672851,100.0
14.64764788439432,84.52757702522955,80.49552715319335,88.42789830041599,75.90228078132624,100.0
26.659242520544613,78.45106138787104,74.97743089091394,100.0,65.18998561664212,100.0
15.645136294301565,77.857495196686,77.09451817139039,79.97970495853522,68.64200076543759,100.0
30.005823180429783,57.095447523652794,79.19154173610002,100.0,60.30659035234295,100.0
25.931012579683838,58.78405008600154,76.15935606944264,92.38994705046372,64.5855075127138,100.0
12.140105394920505,85.62163015032885,79.56702316794585,72.71295245429184,72.00311357173423,100.0
14.690030449981823,100.0,63.62260015748684,79.33752965861727,77.38676896012224,100.0
34.77530081055262,89.32957812855766,70.88406886291847,85.44581171185072,63.201579260090874,100.0
17.050503217079722,64.22389101646203,78.94924376944441,64.60642203306139,51.34205146913072,100.0
30.6020990749888,82.14536654034329,75.05470159166627,60.39680700443297,82.10683894955966,100.0
45.733598032498605,70.96666964167754,58.934740912583294,91.89847544321637,97.73434142418017,100.0
13.094589476837406,71.48388299525517,62.16234334413603,79.4133619352024,73.9523082299659,100.0
32.28980502489062,61.69978616574814,75.3481733634591,62.421213023291536,65.38287293291674,100.0
8.937064875883658,71.4516706917158,81.35620147182944,88.98287346390578,96.21044796873338,100.0
24.241659464019165,67.74171248918518,66.7965269180568,65.22872994578327,72.96866175193972,100.0
8.10588107132672,61.95505378087958,81.2543478441477,61.46922668463735,75.64614289146274,100.0
30.964692338108836,74.20319020473681,82.23568882418627,80.83738793501894,75.58158208910294,100.0
21.998104337187137,62.305260338013966,75.43479378670094,93.95560016482003,71.5863068690722,100.0
18.195200864093742,88.24664665720738,69.22162802987198,51.552137869550144,65.62283096626683,100.0
28.87655425873836,72.25205071919419,75.3450564848055,84.10084588704274,100.0,100.0
31.081828167375164,100.0,68.60410371844826,31.556169327094658,84.97015164789478,100.0
20.91752484448373,72.07954055824978,69.35811822891502,86.17507969315922,59.21751418586904,100.0
36.96456368290038,100.0,49.18070592116278,55.793559712555755,79.0901492701846,100.0
32.11943985386401,85.25353984800716,56.340442887994655,84.25508924365046,85.89904576069932,100.0
25.532512199847837,88.35371251254763,71.71839339793532,58.6209914940703,82.81787840599924,100.0
29.262154022415924,72.98581256720544,84.2274813609994,38.41774262585356,61.25862013582627,100.0
29.633761292443218,92.37893368511106,61.7931768164829,86.80626905613678,55.379774946590175,100.0
23.996879517526416,77.7153233805556,57.03168052044153,92.60210786227987,79.94321903001119,100.0
27.181857257079344,91.71482542003308,77.15381315441245,57.28780777036732,78.20678672762816,100.0
3.934228992613207,87.3907075716226,65.63235762761782,73.02791106492498,64.45709606749962,92.99818314533422
26.2834550926428,86.87494040944404,76.24119817052156,92.37166310250102,51.787170808184015,100.0
20.21311648671942,63.05961214794766,80.76007138598598,70.21419096500072,58.72046002391771,100.0
17.474318486068398,26.38098989896391,59.756123586657104,74.10711965907299,56.09604292632876,89.13938130693352
28.49102110743144,69.19350446288398,76.95537757565778,58.624486857910284,80.03112483388769,100.0
7.476065555868809,53.23236464922662,69.87911052153946,97.66732395371021,68.08676319433698,96.91580821855831
19.812912435541026,84.83851164794642,71.94736194718774,30.894170480035797,78.90335083421293,100.0
19.486062764115136,74.56105779472533,81.26050250772168,80.6565059085328,64.45584495934548,100.0
33.800913541474515,51.35411764523626,84.76540349725896,84.78484317620129,83.25489906230008,100.0
20.979831534708953,82.01539757648149,80.85786324939347,78.8060949224186,47.4554450740727,100.0
16.078918468678424,64.46920359183972,66.72337853402232,89.52967485799334,71.4561632402206,100.0
19.623652975751515,66.82621369786575,73.9913611435207,73.54930332194411,73.16526200803928,100.0
21.504189051435766,88.05101596033131,74.95681887972604,78.26149309769585,67.1397639885498,100.0
8.209602088401976,61.44447208904808,73.24359281721603,74.63706590413626,76.05595135504915,93.53897040143991
12.40867338446302,43.141564135352894,64.74244978319238,66.00911031833967,57.40417236728836,81.02240658813096
33.64140429973844,83.28734931625722,72.23914134064661,74.70543301609978,76.60712106940599,100.0
5.3247473424756,98.23530227242782,57.60892924346099,76.5278444289298,61.39597340654649,83.28690697535315
29.37570137626558,62.74367053397714,76.59245668432405,75.01808213043337,73.19940561059408,100.0
25.365098435704034,72.37560364956887,62.442548405071555,89.88063524304785,59.978643195354266,100.0
5.876962986647085,79.71370998892911,60.91975924478789,59.80753319498364,61.56568706138541,72.0929163710867
7.607416051465275,44.9420645338987,76.35418030209226,71.03227738034084,67.09260791840795,88.5441597519539
7.997035929442237,82.57480918470685,78.65755194170121,73.27895337799652,58.11218892350949,100.0
19.944039811709533,81.86659299227829,86.74492433347538,86.6840475526817,76.59251845930339,100.0
25.082686396745896,86.52310824947605,72.15396505456287,43.04150280289199,72.11885710131195,100.0
23.038185956048757,63.210209510475266,56.18955396846225,100.0,86.09467071649019,100.0
40.102045387663495,80.01685184980538,76.5854427267283,79.28798086087357,64.18447660096024,100.0
23.464884758979927,45.026989732018386,79.16327674702481,76.17952785474137,68.78925129837127,100.0
24.4426331148604,69.37768788675604,77.10959968203491,71.39511902762797,80.69497645258582,100.0
15.299578522404985,88.23499593485114,65.4790966716692,84.0677298953305,51.243883990454236,100.0
38.38183676795123,87.12086697421718,73.6728731340134,66.96054832328927,86.28973174262549,100.0
26.124687940136024,51.966418151893414,77.56788679986983,82.03901384712789,74.74233935774167,100.0
22.24684725751886,100.0,66.00363814385398,69.40750271862349,80.83572036741657,100.0
30.225704320096405,54.15641299854606,53.546012530431085,100.0,32.508914276896405,100.0
18.409547895999488,99.38938373043095,92.18780233448135,100.0,65.5024270558768,100.0
22.598827942484235,50.88775148158159,71.84633858532304,94.60714131423643,73.41189901906193,100.0
7.4750484272523465,65.89702233214237,74.57686586053552,43.18949771047401,36.42653150012542,73.24696261034725
9.376064718531204,73.80537913131427,74.52371796249734,96.18330833123144,70.36329185009137,99.62228288002268
17.65379430042586,84.76704362735485,78.58451116656666,60.062769078146566,63.87848741259669,100.0
19.18477326898354,79.79477738878465,64.95820168992329,48.32118623990225,87.88761268716962,100.0
29.02277173786647,53.91649471232037,70.15618333949602,69.44237852114956,58.22857137808445,100.0
26.818914896263113,67.65840836222667,80.44160877069072,67.03696840619519,100.0,100.0
8.570297021693769,77.30587658918292,70.58208718446,61.74213845698301,75.77976069593255,84.87008832739151
24.070522871245352,89.21289693184286,62.27122332176391,91.86169079979021,64.17222320366672,100.0
16.346784486878914,100.0,71.36535331082737,64.8342694537184,76.89958214408675,100.0
11.64857098369977,70.20228715117734,71.5175799224874,73.86073464536216,84.81001774883653,100.0
7.778721911080545,67.1321960058034,74.89374561227918,58.06422343174156,80.82508096064853,91.5735267768327
11.915063971068124,97.16841067112274,64.81729781726352,80.35668857267619,66.70492168243732,100.0
12.460354111333238,76.56301655927814,69.37406872100478,79.21787135954064,81.38392884680148,100.0
32.35811620006939,49.3896306361058,58.83475560051341,66.96297805421554,93.00591564874749,100.0
19.17319314157301,64.24766519095793,51.3346338292694,72.09510811080423,52.87466328799742,97.65283276164453
32.36093175210438,61.44138537802815,62.64470057410233,73.33160907976949,48.79428254642529,100.0
11.83064329012764,77.20070529649985,82.06508966508358,72.49322879524719,79.73064831384464,100.0
22.238840242791312,85.88649935848038,74.81009231736714,76.64092191907339,71.93831772962841,100.0
24.134349032237008,88.0440888015849,83.55637858804951,61.167520137335615,81.35482924968028,100.0
14.194765501952773,71.86465114070963,61.494795457907,56.635526455659516,67.92316024024339,94.98005466664989
19.04535752910927,80.24700036851861,59.959454031579895,100.0,72.75751774483757,100.0
30.176614668435025,58.16182790633379,60.824971789857365,98.06897877618829,82.2816646563229,100.0
9.189434595917376,79.0736825579306,57.232514241796906,78.11531530744666,76.44427328698879,99.09667277998214
23.773004930448522,60.31854426326539,65.55706739923889,70.95187597059943,62.349754017178796,100.0
11.151972859730991,61.00098061390206,65.5671774880849,74.59043190735102,67.62205640459545,93.75882103608646
19.444523011033812,54.29847812677663,52.96617560644845,99.42923318356938,71.11142170629662,97.46637617264894
17.767977453651948,77.60012496555612,72.439531979085,75.76331552784028,72.47141261854775,100.0
3.695267562848599,30.13296043648915,68.13103841838016,76.27814174450852,52.78462915276499,71.18184616859507
13.493574308781731,54.02148639271288,75.62969236690572,100.0,83.89266321297463,100.0
25.868570938002705,96.04191466404149,55.98148937207719,61.35918817807892,81.8654792056457,100.0
13.507224549339929,66.27478629077035,59.852432693071336,71.94629459846458,64.3130838851877,92.38146763578932
18.328782862135885,87.90710232539618,64.16922561431062,87.23605818808946,74.61110046713651,100.0
24.319225446739406,82.74267430672438,63.585184047770476,85.87643680271995,77.6962813014594,100.0
34.558223221467664,76.22993334620341,74.57280404615241,63.987393018322564,80.02510733077122,100.0
10.480815399777644,76.08055291925618,67.87791030098849,84.03177480588725,92.74591082880359,100.0
20.06799844559998,77.77110868343587,90.2360621922964,50.885084593229124,100.0,100.0
30.470983026121544,53.0343767968527,72.24451818559972,56.61351505496488,93.6098014493505,100.0
9.878956247398325,72.62988152131516,65.7311893005258,97.9432547919092,44.613030554277714,96.75917292772964
22.70057358391422,66.44472950379479,51.79396699451483,80.2875745253532,66.11718399445253,100.0
18.698569456323153,70.34599865109816,73.24166352488442,85.22929456942445,70.31505762449139,100.0
7.691356835660448,70.16907725691486,78.1351721736967,63.251200614956446,93.24901607526309,95.89885907755377
27.348777860498174,99.1101836402999,74.90974951638252,71.26963310724679,74.2386992573245,100.0
32.571492168625724,58.04895991439463,65.49987142004187,68.7570839267212,81.25868751282648,100.0
31.88393273448084,78.35681927458347,69.83577103927247,67.23583051445743,96.91836795276681,100.0
30.352493347237527,61.136502835975435,78.90198411124787,71.54398928691349,58.62256997949896,100.0
15.826331863949157,83.33268969513372,60.81313488513906,61.10428305027692,77.10448115217181,96.96027671043794
4.806300340459867,100.0,80.32465260551147,88.76792920582164,51.08674068497432,99.01889010475577
10.510834791751627,82.00006472949121,85.2100622715938,86.66111029146766,88.08991774820224,100.0
6.541290765267851,65.12825266387115,66.96273971223336,61.9930467643365,82.37647397001452,82.23505341497288
15.146941646321316,95.12213873296321,62.57515767461616,90.17194553112535,70.0554350777177,100.0
24.098186569285126,84.52082202842655,81.09699841956223,82.33780695221495,75.25945148910338,100.0
25.17659020469123,65.62772133456482,70.26091050210833,55.806345498964475,42.38688653002532,100.0
13.431057210286042,60.42578942234023,82.00413907944426,54.793105657054554,72.77020458797362,94.78847974964017
9.407864781110485,60.90180320508967,64.86133082663306,80.49897369145272,80.04508823245058,87.5359976690619
34.524675344707454,72.78329521773793,65.46751590976987,67.37789703529033,51.689313611287616,100.0
10.316555451363648,71.63050275004463,75.50052099024552,60.26268909692536,84.11156781982324,97.95031847723139
14.232286694316674,71.41577929700385,60.92436337958402,74.24642835826295,74.05685238669759,92.78367996319821
17.083062502067232,80.63547027518509,63.99361310081195,57.73509633866546,71.66383884564799,100.0
10.195121558208253,95.40987893757976,56.91179600880888,79.16065406937288,70.89898945399493,94.64088594692844
24.271943618716847,62.007377276782485,79.69457200526736,93.98561761297051,54.58487288611063,100.0
20.224658928120462,74.71109430398408,67.37109170791733,86.76906431847036,100.0,100.0
28.534155587803077,83.4586368007854,75.94754341665286,95.76409227765777,100.0,100.0
16.45959289058976,85.09291853950229,75.91814133741379,75.29424986540985,76.57713608214591,100.0
16.847307553596544,89.31002645239803,76.51391251305797,92.03348460270898,78.5633576603975,100.0
28.294748419317486,63.46286475319053,60.600968988911355,63.55912832150679,45.88660203446538,100.0
29.960476858058165,92.78556231994496,77.18953310665067,83.04979128790929,54.296335259770906,100.0
15.080975524937948,78.16925538419208,82.00078956426862,65.89949557852054,36.29665999023092,100.0
36.334315323010955,84.58095333043777,58.569950872695166,92.8054545834057,86.58288899436975,100.0
39.95667489783965,69.24043092071473,72.50200206251695,60.02909059028381,85.77921426584378,100.0
37.495767431869396,65.05648623673578,55.97394728200307,64.47012468289867,70.60887536805824,100.0
17.529742992540033,74.00801078061266,90.99721789166516,68.44920395939107,73.98817344478073,100.0
23.287624103034805,63.68586224970963,69.35861653407008,79.5395319785855,52.804819104719684,100.0
21.66452208213056,58.159169676565526,73.82409746184051,85.12229238249905,69.2580443552135,100.0
21.598563919974005,66.76912638388558,70.92844901141115,46.77226431753542,68.07193732841604,100.0
27.40824345420126,75.61378763093582,59.978125442185274,72.55810640891559,61.838289968287114,100.0
14.504428640914199,100.0,62.33343412216652,100.0,60.9120876886166,100.0
15.538165667852203,87.60965323483086,63.47376020697609,64.78422513787679,71.92156622366184,100.0
29.113627221747215,54.47527441750785,89.87275999230808,73.97048930871797,41.31617536870335,100.0
16.375590585968677,92.23148550558156,52.60286221221901,32.27186069054887,81.57548065972517,93.10595561071118
19.475955494225307,74.26654224788842,55.94810153196425,87.67736956776483,65.81674908773866,100.0
25.11202599524981,65.18886475308864,51.69367103143543,85.16812979296361,29.451515605011444,100.0
33.40450446023144,63.71765391614125,73.19174510419181,70.36186384425204,48.13672750802604,100.0
41.45149127773388,79.18491243335703,61.64652946740243,64.89764063634198,88.716131090106,100.0
30.375399442578992,82.18469738619588,73.33662105286949,67.83513829852325,71.07349355829089,100.0
15.083638143679526,93.58419529409156,72.09659415274626,100.0,72.75774317130542,100.0
32.96994546561109,43.17217651487108,63.921780129055676,73.22897209513381,89.75672601009798,100.0
32.378163119734616,95.3080856124812,68.85460154747382,49.30298206363683,62.962365218429426,100.0
12.55097355193551,61.771880231584234,68.36933036056236,74.6021811112641,86.05225357474642,92.20754756306769
27.42095372009307,100.0,63.94285076996662,67.68132887781447,80.16888807008904,100.0
9.103669626576117,62.28549107071373,63.4791111140694,71.72931156911439,97.13959524599665,86.09474087586648
21.429430947637066,58.09848796635292,58.060749936009444,51.43685771897251,76.71575388715416,100.0
25.999287299962045,72.83868666417577,57.90305257158892,60.90996909271868,40.36800150469193,100.0
32.95871781863014,85.0298220713686,70.98067539538944,72.36654081751176,97.72913249944617,100.0
22.653623493996285,80.85697274893334,68.96778247067503,72.93942317400905,82.76346943251959,100.0
20.81829358547565,74.9089363269016,78.38490774451643,100.0,75.82867906796446,100.0
10.18491348952049,92.4474562823244,70.10233061019586,53.46206773230841,91.61909933599173,100.0
17.36551783917751,51.52795842956917,70.95344199441308,80.2447507094954,40.56061462491131,89.30688978850291
47.20169166589619,96.80301115735975,67.35343166762044,75.1950283781686,82.40774873554035,100.0
34.711703274936085,54.421482856029655,53.86438602123259,100.0,67.40580910114866,100.0
26.855077387902043,64.0356558642679,77.57921849923619,80.3768042731443,61.96997369475665,100.0
17.735211080984733,61.830261198651584,61.7311964596014,71.94489374734552,68.4976888528007,96.29021554262872
2.1186191132950682,72.29412477356388,83.7284847467653,69.6383186578436,67.14941447497759,83.50526564101106
20.818741393863224,71.44772089889986,65.14636452170896,63.40762178193643,81.38453830739901,100.0
24.87872284871074,75.28721666123629,63.5851309095569,81.38830809289554,60.070267333050865,100.0
32.130976999791834,58.61530852991132,66.83591550305198,84.13707181360766,86.36965180891403,100.0
37.275431701007115,74.63468111608526,91.42270358611864,66.39449994092132,77.8425323205325,100.0
38.12448557996929,100.0,63.730329422122324,74.47517264254557,59.45235362311169,100.0
18.036501509150217,78.5818373853977,67.40957854179297,90.45425181047763,76.45062470786604,100.0
26.031874310823433,84.57587888412574,66.71381524251015,61.49068898028197,94.64009429883944,100.0
17.539375118700512,76.13150458352389,53.980341881028316,86.13191236607838,94.59946794057089,97.44780267059735
15.280681342105666,85.2939028556177,53.87284128810349,46.99102211112378,100.0,95.83086833972814
23.97927049946809,89.11965871151224,59.674760964724605,77.85953386897536,86.07314728352328,100.0
27.368438970924334,38.63639609590587,78.8404539636105,63.79182481278265,69.67949058477346,100.0
14.496948461545799,82.41045279424108,72.60673765823907,80.93705300156114,60.61655947735706,100.0
36.734520902985366,66.79979873119102,67.28344889673947,77.65231308209097,59.1739366999412,100.0
13.773004801794063,83.82475809726864,72.80991867735032,72.72322357446625,40.71868300716247,100.0
24.446026682201406,80.92007294734472,58.04116937964815,100.0,78.82867606630914,100.0
17.542569359140558,71.10612972954593,54.96857046881894,100.0,64.96322951064808,100.0
20.67518481410109,76.73511951439288,81.79297184063826,98.26727963283784,58.7727019516517,100.0
21.26379579546412,88.06945946185866,56.54020319753251,67.87644515066214,78.80040702212912,100.0
14.646718140460774,42.409956809789456,78.47421677150422,73.19428254069602,86.60621003930459,100.0
5.933389031517777,63.66925601470016,63.884821970080516,77.80150146715617,59.11384280269802,87.24752737734744
13.977879396382194,99.91888821821806,65.42903743413729,100.0,69.58727642424046,100.0
18.15097863557011,56.23329635422046,79.240270192069,79.89199533363177,65.35680341029014,97.08043737730797
28.527736751222193,94.2152454260267,70.67855510527403,68.29017156511873,86.20072098571973,100.0
19.85547729121721,81.36091566696135,65.26160652929084,62.85594720117531,74.2024173822941,100.0
37.10613372581925,58.9829561763121,79.50307591973575,59.194763712804686,45.75534087345118,100.0
24.086528114806708,77.15082701013377,52.2376476710168,69.46084291130695,73.91875796850785,100.0
2.3695984463726596,90.85683339328374,73.43618289568461,68.09041843560318,59.20233687407937,88.47587630634132
25.425600435859646,86.51152093729362,65.30525614065049,98.68819223261087,66.4879456457623,100.0
30.291556373256437,81.12379133571707,52.9741639576216,60.32440833577452,72.93767882646523,100.0
31.195749114345766,79.66875231815304,100.0,83.6483544458365,66.26445940665432,100.0
19.44230922342294,81.28528514049067,62.949881442415915,100.0,51.855384719631914,100.0
23.240570282215607,84.60719692801236,68.09496894002189,68.00256931157703,84.94855765869171,100.0
46.20793091029975,70.50485027989819,69.49795382958256,53.27112878049684,70.57356992440043,100.0
10.435636231819913,85.79636913222274,57.06727042128836,72.13644312409052,97.06522164680115,100.0
11.89747562985619,92.47109031685757,62.65408423201951,50.77302276141736,69.46537776553775,96.86173775167904
14.970252294486569,55.616059573415725,76.89707805245195,95.72181118035729,96.24375856308131,100.0
26.795977489346757,58.83382833106041,62.84696290740032,75.96420028643195,86.33425895451049,100.0
29.242701395378297,75.05063259895742,73.27821172843085,35.463783914746834,78.01943629183653,100.0
24.79441518086064,71.37753831193832,69.38235800139871,71.1573037125693,65.72686759945493,100.0
14.231081304768512,69.23166683655262,80.0629280921444,62.09379952074072,70.71098006974621,100.0
40.88442772869925,66.52838993743586,80.21383295429399,54.33573748868644,76.49439738041045,100.0
21.910990680199035,75.43117234402226,82.78451862607298,69.09991781508958,75.53009963309351,100.0
20.693443370362505,59.94063941877752,72.07267329398944,61.1721028031203,48.255321704522046,95.03988218129868
5.924883052821787,69.85968608879477,66.28559134004209,43.89914651387776,88.69127788746444,82.98446287767992
18.076390352188774,75.90345314911539,94.63242112485287,74.60229186826174,41.21843177051438,100.0
1.5334291987124438,82.380282719892,64.7396515733242,81.31459416584084,80.48242630303803,90.88381310581076
21.935899113675443,88.11583771069091,72.62561329001925,67.85668689683011,57.71113210417754,100.0
2.309240951108819,67.36554561438751,69.74425687808005,80.88623950768151,100.0,86.99140961319638
4.828263033283209,66.45250607641862,73.29508735573009,68.63645499902935,69.31731632048137,86.1692428028253
10.12820472848816,64.2127002113637,67.88869761172306,42.72276898006042,56.63211661877069,82.98779570196906
17.955287790138783,57.73478874570739,73.86323317811559,78.61982902375172,65.55088811395302,100.0
14.965243458838007,66.50553405595842,70.99651365087641,60.14195512303968,100.0,100.0
17.86011155774491,60.024689388918134,79.84322398476584,98.25750739221115,73.5132209880478,100.0
21.307405772860914,53.54787933059051,65.59955513303017,99.48616955897452,51.28325227052726,100.0
19.790984060358518,86.20940407684893,76.10370265433465,66.59728439704546,57.56507483616892,100.0
15.891857120454151,91.90057705241375,59.09033569784802,90.48819306512486,45.062620179464886,94.29928894608915
6.7352787168891695,80.10883824600745,73.90695920928144,83.27214412859286,74.07242966238472,95.08900768293324
35.421099525678756,66.53628602013917,71.84551303197037,100.0,61.7221278116133,100.0
18.298153774750716,62.72701674866539,69.96625542589048,66.732214255072,81.67541614249957,100.0
16.484865159586914,59.87870533623894,51.29208078974145,44.428131972332196,63.87886940467673,90.04705836966528
41.330333746562665,98.79025224218029,57.62184501173151,84.9319601178157,71.70276017876873,100.0
31.398785611290453,94.7639630341194,59.934574347203586,77.52691464404421,65.56897884791456,100.0
13.960148132841795,71.9543192093551,73.71145873371309,83.6560819077081,58.046571167942844,99.61234707146599
15.16813537700626,80.98834683907918,76.4719593970274,49.97123889183616,66.13935193864982,100.0
22.53165238037981,88.430331461439,63.68422270834669,62.93526360510012,79.44294376332716,100.0
3.5681118884583256,62.57254462829631,68.96745239850952,50.98644032285227,92.34795157903123,73.8399186415019
35.805406865683736,82.47332622745178,81.40149038521267,78.69757167648007,53.32813064594452,100.0
8.691115646740844,84.10275889823507,90.56543564829542,81.30141735677762,77.24031830813819,100.0
3.390390664840087,81.88770118842655,69.29834288541353,87.50883231823356,86.21171088331933,84.33152541887047
22.93072473298681,64.79962917632264,72.32253697161003,80.19672314245463,73.75739275518815,100.0
21.55190683858979,74.86049518292079,66.72105283487082,75.00310597377296,86.81546000986707,100.0
58.52731490654721,82.70678926368313,75.15047686306048,82.7255290081299,55.93262440127316,100.0
15.205070326007567,85.46854908808541,65.56955978871518,96.05054955187786,57.08368134739644,100.0
16.29385667913894,92.59093528889048,75.43600154594432,74.61668893512832,59.92564948092922,97.4226038515017
14.04338705956508,61.414015487060716,63.4623366135118,93.92882251070988,43.40451297689678,95.33213385154163
3.629324355418383,81.54839706236501,79.03934841086195,31.17974274758089,53.9179148202159,74.73533549857322
17.97807347566106,66.12642916746255,75.47097381170038,94.16497343682637,71.75991074963173,100.0
15.355957376906122,92.91164104571058,60.18834468860318,64.83653021496517,44.11289906814105,96.62547845658742
26.802161054504495,93.53673287733231,59.28946320350951,81.06442132442547,76.55107827600264,100.0
23.323140119795916,51.98828743896567,82.7767682189851,58.13036862243196,80.67422317133335,100.0
34.223698616985075,71.22691670933257,64.02489805308359,86.75085763923893,76.93091339877844,100.0
30.391117874202685,84.33310716065102,58.61166882219231,79.50711539416243,74.90117146903481,100.0
28.950383140761154,82.63087534844901,54.188092979678665,79.00689976517225,46.23796085491765,100.0
9.93982618500298,62.726689751497915,90.9238727568546,83.92735538155371,71.45493947489078,100.0
17.654128666248532,78.91582908269834,70.05113456642461,79.44180415596864,48.04727577801822,100.0
1.0638533304621447,63.11370118500058,66.9203847036096,72.83221993926723,59.87232587538428,71.31067159588032
20.268858389945308,88.16043435863507,67.79035826170336,97.55097452650726,52.624529662111854,100.0
22.873289044030095,100.0,67.12552480599645,43.73830590752117,100.0,100.0
11.04653677636976,61.11863060910619,72.55383755674318,76.28530742105039,54.791560715611936,93.93924269386201
31.17398815902461,77.40027338779181,75.01782736167544,66.77569055264098,67.66152733095,100.0
23.514482075415827,92.83370057211964,77.08303847201064,86.31436994720362,82.00614287841523,100.0
5.214780096325725,73.2652757641764,66.98896304410711,77.57052421784955,81.07699869993115,90.95673046702856
36.999573745763804,77.95938398446809,73.11308673442885,81.94777192901377,74.44863317711143,100.0
27.746340534293367,64.38495801571828,74.43819428146229,94.00366723779933,62.73648890700623,100.0
33.2893331953541,55.31671209852891,76.22069990306049,91.22650091509243,91.47050172746775,100.0
14.362754471960253,70.1792123752051,74.12931454275625,62.61754204811233,67.79413927746792,100.0
19.102643057127732,77.94781754552206,77.09003757588512,94.93728795198646,79.64084139801315,100.0
13.39678860526553,75.7466053077144,70.07063158628176,82.50998582071814,78.6280752415985,97.78767338620959
15.625416996765896,81.29298665860541,61.125078221978995,73.18577777088328,79.72420650765788,99.10899260139801
20.103526198433805,95.8531132352597,75.57810306351863,87.26649448800431,69.62459561882284,100.0
31.337700968670646,72.73090074519732,68.0509171964732,72.03992369539012,71.34371021882873,100.0
15.172564778179677,65.31053731313197,62.00807993349746,95.62314628722277,67.2565533834274,100.0
36.283966231285376,66.69617637438009,75.68983079185276,100.0,94.58675208166102,100.0
19.809837920973113,87.86489434803029,68.40061470036574,97.13034325424329,74.66361348397007,100.0
17.906861804206386,75.56906753171403,76.83328992811069,63.550708437321276,83.30936255900113,100.0
14.709473226537053,82.73908826556149,54.374541431134574,76.00486075837308,65.7800866432268,100.0
4.441043537963727,63.450401534120374,72.33785911790747,75.51125202388839,51.64089599856615,69.4789402143506
17.231867001110793,58.451874514174754,67.78746376414227,100.0,40.50465115935997,96.14952781764485
28.76046792529794,61.66138757657514,79.55300558237752,68.16690710964194,83.03731888745345,100.0
12.216952745976872,80.21372558042506,64.60240319690638,75.27650899598089,67.24024995470981,100.0
29.216501119244594,55.04529561391515,68.10879609222967,61.51823927515308,71.5653390628482,100.0
18.08972237399831,60.08475938087231,44.376663412046895,71.57100126989972,62.30179650292622,85.46165398586264
12.1510168691776,72.98974249990623,70.14688194729197,65.85325643520926,87.94947229968477,94.85231633158136
10.645612979554047,86.08215721331254,76.15367484013053,71.10679983624124,77.69658697264124,100.0
18.269281757161306,72.7491661945121,71.25576453471542,95.6356021996743,65.53654744960012,100.0
22.60280506582886,55.10928470876942,65.86534838876725,69.60347031316371,91.7274884483939,100.0
41.6325472330546,86.19380349040831,76.45484181141076,54.60215788530121,70.69654822234223,100.0
12.575294143019518,65.66025957398323,71.94607455237242,100.0,70.65403669558681,86.96263783332269
38.32557043479201,100.0,66.78757233882088,65.46663237893395,68.2485112630713,100.0
7.434931057207436,67.60315766400342,84.43632003468814,64.6540833890374,69.79243380858644,88.4418061631569
29.53125045376087,65.59924163115052,78.62393472382759,54.305727528166045,55.42514898188071,100.0
19.165620302096393,52.55206117364881,63.49976065593102,61.05733709711385,42.307182066428595,82.06337183283877
20.212715767360617,83.7954602813264,82.38283071433636,67.07074977375365,60.22964659312257,100.0
15.088462528578953,72.34838755326327,54.51381701136253,63.80132480189641,66.91210853679489,98.50886376295615
25.8855326977072,71.00021506148377,65.70755579701338,53.64064271324783,93.00150551944489,100.0
14.359213692632716,85.6253467094903,72.43800713771199,59.681507743039305,62.46918663471083,100.0
27.011727423108983,56.58588277294511,75.97400069849859,92.8420573338696,84.46130752432536,100.0
28.17889658025029,58.92214150439767,54.46241233983936,85.05720925861819,68.8635357019681,100.0
14.50459725404465,62.50415914498862,79.15390275560162,73.79100376054859,43.356304998003225,98.88678854594014
23.676492929914215,82.49796185610558,56.006938251980586,97.98551587017174,57.72357001086998,100.0
15.655037725676845,76.44181165411474,65.37724711294958,67.25932907673939,84.07425708963997,98.50796290505126
26.565536086338298,82.10749381367681,58.08696502797351,100.0,59.28472872960448,100.0
18.745457399971,83.23325752976046,67.45044206446302,83.2089719606695,77.22799092577738,100.0
34.20504247989855,65.43919309040223,81.89016531107552,66.66784321259618,60.65289210362853,100.0
16.659227690200595,74.06713474501034,81.24353359870503,83.58086162571216,77.71382134026753,100.0
11.775800676177994,67.13867403098111,71.52354872033722,68.86076342830344,59.579303033664125,82.98053157070741
35.93186626639397,100.0,83.45420046154977,82.07202535703993,58.142883168320324,100.0
23.216978061960138,70.64588183717024,72.67392314071903,88.78614724481653,68.51665520213287,100.0
18.92697855995771,92.59686956379961,73.69642192198094,69.99270765365985,80.45431606766104,100.0
26.227112239002686,63.625768966686145,58.693846650624735,77.9253747604219,63.22510785760566,100.0
13.707366063072113,52.16461220673163,81.12688374989925,54.70994571234698,54.559427377268925,89.7540609727222
13.07579020126144,74.44444804427383,65.7069777548274,65.82346363642071,50.19966233168941,89.85464237849907
6.7754204325642995,93.67019371105181,56.489256337919784,100.0,57.61884205031567,97.89931323774174
25.13267433113356,79.93126664489526,64.70239796232961,88.73103176553111,62.47364434623195,100.0
12.436492547156966,50.903305196136415,72.03463635867223,60.666893390993614,68.0812361277885,91.18410070530717
32.27668992473292,45.09396536142817,73.74056569847572,87.50293442413387,74.96320348321686,100.0
0.8032684380234372,74.31883173101643,70.2538842054241,69.19304025315728,82.89381830469702,86.93523862467987
11.053926977804961,67.81877067504784,82.55756125573521,78.3320065745057,65.3624181479704,95.40688415985976
12.465821296538167,98.42266795090279,70.32004149065767,94.52611934098198,74.48938870609737,100.0
11.485935657396864,41.71049440878697,67.70200369424806,76.28839509439996,74.91819286239036,90.79467581213531
12.719970587708655,100.0,70.20793707675408,84.28731391507796,54.854039429350934,96.86622153491585
10.254706953293585,100.0,68.67366253617426,85.08860551804096,66.38113518072187,100.0
6.1720026903566385,72.14491982874588,61.24381746615243,59.441307685103155,78.08365065526988,81.32120687738174
17.314693520941677,99.18330942383136,78.96839315865532,77.20189517978324,62.75408422474841,100.0
20.644744148101204,73.94251832911362,74.86501643826202,82.94539131535096,70.8497488734566,100.0
17.476464978737123,99.3701768770434,73.23079273116029,76.84005473992194,55.70007087611931,100.0
31.950466289248425,76.99454511220314,62.99879185060827,59.602270508834096,86.10447624789659,100.0
14.608772968510214,62.441063534254496,63.92124739324182,66.16699759891956,53.54046208550734,86.89067945093473
26.9822331361359,75.89445554880261,63.53063222294426,88.86950524369153,90.99033154879004,100.0
16.079873600808703,62.058363539353195,76.93478911913994,67.81743815987394,86.45729067630543,100.0
12.36740843457483,65.0606436158123,75.70598668593159,83.15040288569902,44.95892078317942,100.0
15.339634981317577,79.84751571277172,68.52397413701331,48.473409516557226,72.11329370366806,95.46817944075802
0.12431085399107289,70.51488974301199,70.91760776535503,76.30570602357257,82.32853756562835,81.19077708734558
30.143700650181305,89.74036475918271,86.65474444462576,78.84044601470814,77.08896223619564,100.0
15.289616943816771,78.67449856663085,64.9305682462887,78.65530817237868,57.666694066503524,98.87585041829877
21.814266201139713,55.55825003625158,65.43879172525811,63.45005900703814,64.72118023275236,100.0
15.499345285207564,75.07865549577275,70.46980593764742,66.0093746556934,46.08358511808449,85.3413102799064
30.01046092567141,82.51641254909768,71.89581616598744,89.62796444673644,73.57553474102178,100.0
9.14849473442202,70.03037425225016,63.87763265492249,89.52276990799291,78.55919495829296,98.18817344751005
18.556395880760576,74.63812369334995,71.98084760767856,75.2089393786942,70.88827651021732,100.0
0.7232742065438984,80.5309972097628,73.93797298216252,82.23100091003079,82.212276431774,84.94644676608392
15.683796872819517,97.81974077883677,79.9831089814796,93.25737781238244,65.1651929618299,100.0
26.863184569567007,60.690908709050326,65.9296368707322,75.21409601754651,80.96146178599787,100.0
32.012139221639444,88.06687055147539,66.73976467832159,100.0,74.34662285344619,100.0
7.049212279363839,76.09976950782605,57.10039100258946,87.34755875942872,45.177149922013456,81.93621676806829
34.96044311489183,56.33017945032874,52.212797510957216,63.39316201344641,98.151937188371,100.0
8.803825667109887,98.14865292408284,65.11150578213726,100.0,86.33122929556279,100.0
21.833599197791557,80.8770600810382,55.21088431225871,66.80633327621275,31.134365617826354,93.26695607477593
25.65509645631544,78.61129769232852,96.01683114180395,100.0,74.63249518898445,100.0
19.255540842338327,77.61866719247759,72.57550390722764,100.0,76.06076285221808,100.0
18.147123411222918,84.50665321398148,74.13799097451498,79.64731065340541,52.18602371455731,100.0
26.453759495851475,71.2655377728139,79.71570950954356,100.0,100.0,100.0
21.795817819395978,64.83382544212722,75.13907849658915,59.995030130916376,99.08393498587427,100.0
18.876719503091703,64.50411738011121,72.13979910734221,75.52895327957593,99.47087699374583,100.0
14.2418175935532,86.36261565070957,64.69498852389472,84.21250050065137,66.68545600700166,99.20880358893612
16.1468640313824,65.99674684261808,70.69802084990019,77.98589543360205,76.93155211394907,100.0
22.167755637626293,97.15401639177412,58.32220448732065,52.25036175868813,74.43436733120643,100.0
20.82439752934503,52.42919438953497,77.60055963689602,73.75341641056959,48.90523804492249,96.6789600663984
22.49308595641729,100.0,80.23709546106981,91.3647063777895,75.80212781033804,100.0
39.583474542205934,70.70993667179833,81.00959634998571,37.04568715880505,56.20923112620365,100.0
32.26933223884308,79.52687849729199,77.6608027838469,60.02421841217563,77.03161384112536,100.0
27.9994190194205,74.708705911684,66.96820217165724,69.76024805822703,66.64801026442221,100.0
22.2323891412916,100.0,80.56056809066052,42.96488679031957,90.61657139756227,100.0
13.548802453948756,90.05299346838036,73.61636025047635,73.91984817629499,90.34360042856234,100.0
4.8515277531413545,73.9075663101469,61.532062819315954,82.09856436860318,80.71000741138138,79.64743237521543
21.989481467964946,68.6885730947842,43.95786143372866,88.3033108514595,75.45447823937452,92.7221275899422
19.685608296252237,68.8050326678485,60.73301691152689,66.63865420337518,78.92544198753347,100.0
25.14438834058749,72.8643077246806,71.20295631711899,58.98569355926108,79.34274898521248,100.0
28.816397569494505,58.77677994578407,86.87141635072564,65.3014067363621,48.666194356034886,100.0
10.726468658094259,76.05078244669772,81.6187830260819,72.46767415214984,68.43326172193792,100.0
19.73594243041073,56.48476692180117,64.07535740847106,99.23374235322348,84.47277449646187,100.0
25.467335682013793,67.42837618157674,78.40620026504553,60.01046651557634,69.65697906551677,100.0
8.96410682784229,73.52490559807875,60.11408892849083,49.605647787069216,65.78987384699839,87.42906435179563
7.398352348274198,75.31329732443943,72.30700905718683,99.92205248592028,67.36218393351893,90.04235798422802
12.462638356425105,100.0,67.5461188399713,87.33090239991735,76.19171390404748,100.0
16.07528893939127,71.5567701695948,53.605158374745656,65.94029061046156,92.09006013626473,97.25589782366376
29.495541354413238,81.55407254619524,81.90646274786342,75.04569030230121,72.40860971574797,100.0
20.488600703257042,76.83446254548426,75.43298029036387,68.5589168831212,71.87836753971861,100.0
4.9691969824018205,96.02397889419645,76.50450092536138,81.27597331333025,77.83771157898636,98.34613763010466
11.317072681236336,100.0,73.89614177370903,46.80113422291433,46.210250316430624,98.34542029041557
16.908835357974986,80.89976759091557,71.92049116490031,100.0,72.12575370459857,100.0
15.498107351485885,93.05826655753225,68.60553724319,84.23656724656712,65.25890715959426,100.0
37.586204841951336,89.95288160198712,72.80636404490136,96.96265858128656,53.320494613387545,100.0
33.14914453584048,89.29311820804408,86.12278257988646,72.93827228058463,90.60487817744436,100.0
25.514853760404677,72.36171281351496,71.23204806784486,100.0,57.35130107025712,100.0
19.260524343916074,68.01291646322755,68.49162288433304,98.59529587822284,96.33213547473235,100.0
41.439440893253256,75.6835775985572,63.483996523941826,78.24687884372962,59.04450052424295,100.0
22.433394493226917,64.62137895178134,69.54413983644503,52.117122436128916,53.94872850510771,89.89201309933601
26.8205206571262,73.99232564925967,62.842400108892484,62.522666876543326,56.257121267781365,100.0
18.44740951175251,56.37359136777563,73.34176417244898,78.86628810214125,71.16220777778294,100.0
18.13028697014554,70.42162943467999,63.90487797840717,59.02329505386941,50.32245651474761,97.25227554956233
11.963254320302692,73.67576927473118,95.79709337654319,54.45295530631383,61.637623224882496,100.0
26.731813512699585,80.71737577324167,82.89752754082745,86.30012431656799,43.58855861266274,100.0
19.99291405423354,80.3342002317849,66.86941969476845,97.26174042803947,77.08609416820566,100.0
14.234895992732806,83.12194092307182,77.59155160302647,47.970293436299706,52.448304609109606,100.0
10.80575765766197,59.06544429410843,74.73592430635182,76.0284446220904,46.74004853400801,89.90838740341196
17.865528482881526,53.888043384351676,62.81555778747564,53.27873487754014,73.48074906036454,100.0
31.79440120721287,55.19650189469037,88.31458765854353,82.37878757259759,56.52377992977463,100.0
36.15375689469442,69.12362776434267,60.77589815501497,69.49763382277969,66.41601851245458,100.0
19.68941067129098,43.694594720968965,64.153822693428,81.87580055327226,60.44038379456808,95.86345792118863
24.049817109609556,65.20006151139432,87.65454240281096,67.87582033258566,64.98248146238578,100.0
17.410950262959226,78.01739483809259,72.83287871546142,68.0307405405241,87.81519082692346,100.0
24.086073077017677,58.46561775245365,76.81359510442948,82.2581497678206,62.03178558088602,100.0
24.625912928539513,57.76808947262016,76.66312500909211,85.19059924434755,53.712623066722216,100.0
27.519330326867742,57.46982943570702,81.4282281451502,74.47932345442135,74.52321013500419,100.0
17.045196819708398,98.97970755757075,75.6091944794124,71.11805905999347,64.44983455176808,100.0
9.914453159237919,78.90663395000334,64.61158143807262,83.7303985062709,59.54842272355638,98.11866165732818
3.4511256377170376,85.98738154169703,72.88723662825024,94.08530250160152,73.96030122000505,93.76931573580966
13.823481045656498,76.32986386442155,71.97315707405596,93.54196082709326,84.48096226886756,100.0
24.28816500330573,59.762672715324044,70.61679849847971,92.22956024143073,73.00853795846415,100.0
21.69360824036078,83.08133988669553,60.79326406920634,76.14008087118617,78.37490368782584,100.0
17.918831427274604,76.62839558664784,69.6677000935554,57.844106890190076,75.42255287809152,100.0
7.888280707192187,45.44844273432247,78.92597338299309,86.85938398744153,59.73055261359994,86.86463408638983
39.625871905307946,59.11638619415099,84.81663402462598,67.41379943607095,99.31236150625429,100.0
31.43754043206929,86.5629779083045,55.214137542201584,78.53421837162848,36.832970364881724,100.0
23.01107339191742,48.21200262098833,66.40370327547538,83.596917198618,57.27357048713778,97.58141204894498
30.075136898369223,65.99364651391943,51.33460048639384,96.29404506770456,89.81956048409518,100.0
19.668730271262028,54.31021157978209,62.69069960058081,63.02554133192319,67.34579158758926,100.0
22.603218387712207,71.2493022810157,72.88693629279857,95.88697950096493,59.94069686385033,100.0
2.750821674869673,78.62943407349051,50.86719755342202,68.01405369644614,63.04873460781307,79.31982589680895
29.218015019772523,80.51222498211456,66.86470313827603,100.0,72.62817128362768,100.0
28.52433334796224,77.79681472154141,63.38213535231612,44.622861200135894,79.50878533477017,100.0
26.21571889856051,79.0369041186766,66.56807724502589,69.12527148867314,74.62075809256153,100.0
25.576910607251246,70.23427354865649,82.81643795003768,69.37205429514094,60.75457887940784,100.0
17.558433647093512,99.20566903587971,74.5353430151398,81.32881131352927,74.8203582317541,100.0
16.334929796319482,74.06993985950952,79.51449277058086,93.70337573302079,95.56158274383236,100.0
13.42165446147863,82.66188132791392,80.30580585624057,97.78925885462652,56.38365729779619,100.0
24.400144500533322,53.279791493756335,48.01194043379918,100.0,61.67200709960203,100.0
15.54497478599228,100.0,66.37161439560342,96.1402116027837,62.24067324849442,100.0
33.05478807154329,87.38124523482045,78.13509636000639,91.48165277980786,66.7347819515917,100.0
31.08703580582908,69.61061863819411,75.9065483069231,83.75892277988946,97.7006098860405,100.0
14.494631505084165,53.34217775799687,47.03819046862762,84.01810123393672,70.00791938284895,88.68427591707797
33.043402428781526,86.9023308082832,52.51468026761819,87.16212409739673,67.98536887794178,100.0
29.854496856152185,78.22069774755789,85.78118057562185,73.25656435317063,73.78360594640016,100.0
25.987943895619104,71.97762699078723,69.93478684770542,57.93471494362775,79.77282987009258,100.0
44.45751979616826,79.19952939479731,58.74510952701623,74.16622993634317,79.81548484531086,100.0
6.223306320429089,91.24576864762915,80.53802052034902,83.41176789552351,75.36681040522424,99.34333337110641
35.02357052096028,70.95889748333164,77.17542255795962,44.411517333598496,52.25112231001337,100.0
26.32931817755511,82.07123334579606,64.47776955719029,62.51466640343657,61.438805593757856,100.0
9.127540611371973,64.86437881257582,70.34152417488025,67.69157153829671,75.21514725307505,83.18003086946817
11.530386516816723,53.39923676108559,85.94505063224972,58.55587369657197,70.23368571372201,94.64793694049686
8.99845767028305,65.74120220179616,64.4169824605397,87.58410750704418,76.32379915921683,85.0346094396127
27.326400772155793,85.9144431545547,70.519458858073,74.44166645235238,68.92598110878905,100.0
17.65846625276664,84.71532807151038,85.23029856408026,72.92603548243223,77.45071229516849,100.0
13.56481769619857,81.83831658122412,91.65002344901083,83.3434501410099,89.92291212773587,100.0
24.63206292099123,83.95842327380078,60.51651995775799,61.57395236585093,52.36608091562722,100.0
27.51387123371789,60.33667132802174,70.99332305429226,82.5137578143657,81.33086838738635,100.0
10.103718634296625,88.7747490900347,54.29499396376823,95.880034295169,72.69841226730217,100.0
42.10523001591351,72.79496997557267,79.6387911679491,75.65717207968665,68.05268950399861,100.0
46.44343347017035,68.0203431482992,68.94051645695865,82.45048834854782,51.55675608321375,100.0
19.116370407946647,68.45421164210147,68.90390196074169,75.09633404716406,78.19426372005549,100.0
22.76690799330019,73.84347435878844,73.41151974816644,62.762845725518424,56.65728355561715,100.0
27.604146561442974,38.64181010056565,54.16097176514277,68.21540521126386,41.65688903581703,91.30400488367637
17.288763989574313,62.95231573979483,84.92688568959522,88.70376939349875,75.51048260224267,100.0
25.725827813561587,84.61264291900514,64.28821010217203,100.0,65.78349560671067,100.0
32.23083067095325,67.06533437903977,59.43442357239747,65.8711541514045,57.632287577084895,100.0
25.597904479310397,80.70296776508945,76.10585745283824,54.96983461934848,72.66551501399881,100.0
40.740826697499735,58.9088546139029,72.39246864111149,86.218653841763,40.310502844363185,100.0
4.716445001272895,82.94706266872925,84.41568620657901,58.05439718013573,82.53538168097712,89.46351866880175
25.556044660034484,82.81683642569007,76.45215585950056,79.28331112286486,69.1765899907557,100.0
16.652246678934592,65.34675251523807,80.29960817581161,62.3046501751369,77.27099225941713,100.0
23.570154859650472,66.15952864583683,78.49602097021025,67.6049859801175,66.87816624464087,100.0
23.465038817307157,92.41240181067779,65.32298798688109,55.57977786418641,53.20495158060784,100.0
30.506543960076122,74.13571804449622,72.01099046714967,100.0,75.47441503699338,100.0
15.790155191797371,68.51162718270568,73.94452142378297,67.6859066389126,63.82184550816299,97.32550623096662
38.260097135469366,90.59857031094114,63.94384460263136,64.96390892010125,66.86014484272201,100.0
32.179591523055585,58.4270581040622,72.20541427013868,87.50000867670461,61.775968076123846,100.0
9.32467085745727,81.35398598390192,90.62524919243145,60.673161309759706,63.94527305137005,100.0
24.664299824335263,79.40336898249944,56.43418195376595,56.18565865246126,81.9139701943274,100.0
39.14031353866786,59.198766552395156,63.76231039304195,84.19160857593855,54.401411093117034,100.0
22.13196628237689,72.5980080665004,76.71340076450466,76.72539118721126,41.872412955313834,100.0
21.940899928983075,77.79913684734537,65.53566385449471,84.11844764574809,74.18532288655508,100.0
18.38714288333991,69.85928225209845,61.97722730778381,68.69032015851961,48.769438869243785,94.31693452279522
14.23096344337597,100.0,79.5042383818605,80.12633963665739,72.25590679714311,100.0
44.11676675578421,76.40058561414976,58.69796275326076,73.15936599606414,55.59930557080804,100.0
17.182153911394927,67.15709959270097,65.79813182904142,98.69358218596068,91.80076715676552,100.0
41.531824575115564,96.76715411692562,79.59270826085206,82.46997436868175,70.36765261388415,100.0
25.078357562896237,79.02888418294886,85.28468426412532,75.85519687345626,83.91760192121856,100.0
8.517367112473817,87.44598626818762,78.11396554491591,55.506281446086035,90.10691577685522,94.90540876603968
28.29405581183489,79.90391060646245,67.80899471191135,100.0,70.27627568784328,100.0
1.9894226584726091,84.57076652161136,75.00844474944456,100.0,95.98772499227638,100.0
23.38483843461691,77.91576452366004,66.46833707189312,79.8869447487325,78.69449759820364,100.0
27.003098794089915,77.77254185542311,61.41642219818787,82.39976851321333,100.0,100.0
21.897061676103956,100.0,56.368259954071895,81.93258999122914,46.02813472174378,100.0
30.941915184709487,73.11319619850528,70.55724912288694,60.15592769612129,62.33176485353222,100.0
9.551908059789664,69.52570905685673,61.607903326609936,91.08761005964703,78.07444118574449,97.301390698613
30.91506851922462,97.55989482874033,43.49030191606988,71.17534173868717,71.59645341537845,100.0
29.962668194471398,76.15232836590383,57.1700777581143,82.15561240834683,69.29619131681224,100.0
19.36475425384645,71.95529043906514,61.999614356023535,55.211292081018485,60.614840687556814,100.0
32.748750412787224,41.91650914351396,78.97066196887133,65.92883003192681,67.23211963516226,100.0
26.218099622171962,84.48611608583282,79.7255444962673,66.56299836158598,80.61627903183214,100.0
28.22544912103189,74.79754162893099,59.422890710440996,100.0,60.97440081655905,100.0
13.872113095156138,98.21257801995093,87.95877673095522,52.26383827504152,73.04384531276949,100.0
31.965715016644914,76.79370552621229,60.26931059118444,83.68937249401633,69.77035226240507,100.0
23.400512945688906,70.80359747256249,77.90371896051711,70.81555604502287,82.19807780121965,100.0
16.751686164913774,100.0,79.81765486991594,64.67774482233415,85.1472563401395,100.0
23.37602662075202,92.5167309248971,72.54420843301213,72.66484146911881,71.2988468120935,100.0
18.03533416571903,81.82111368211702,64.83570356112428,74.49581152944431,82.30516018918684,100.0
16.27793223928947,71.60273851725252,60.405607632765204,83.73146555202923,88.31550543288029,100.0
21.23547695955582,88.27847224483486,64.07644044347947,84.38262025246553,38.49960238522564,100.0
35.63413358832108,75.35854564927433,66.48585764286267,77.17331749645336,85.6763271112713,100.0
28.484308822052846,74.35764928032637,70.58022734808395,68.14047517369815,88.56157202026209,100.0
15.127970788050728,56.951987169162834,59.57955587756897,65.25352159727599,83.11775611198783,91.42426442142826
17.752345981073166,89.01479866858911,56.33121301584579,36.69118297647068,47.726530473251444,100.0
17.56616020624982,98.44333152762297,67.26006918170695,61.133010178056686,44.441926197599216,100.0
24.720022709192744,78.59106750803066,74.99685110302934,66.29920137944936,92.30869233003891,100.0
23.819354522315535,70.17547423173926,90.76747983560841,69.76113443522357,64.7702179838821,100.0
6.197451040897445,74.46260941335073,85.64643655814007,98.07054849698955,75.4209340826262,99.23872762689089
31.48445709196755,63.72313424857224,65.73642403794457,79.48129362548529,100.0,100.0
1.9686032374405507,64.37389849634306,54.862856073871725,74.0900877927807,98.5178602862951,69.59443468016265
28.50221742113493,68.57827258551131,85.00759790634311,51.651271520103734,62.593651252580315,100.0
15.279094223028727,65.68728602623327,68.3185618141521,63.183243721376414,61.859893003989676,92.58998343024889
19.430543762789327,77.25452642192816,66.36387787786144,76.71341472993059,86.54952823024783,100.0
20.861438830463747,69.49458241375017,61.724097793512804,77.64662332915837,80.39658410894717,100.0
13.875626253595621,89.29704950869868,72.87124165201824,78.49824196895253,80.62321634884836,100.0
28.90383163519786,52.231893799787855,66.42970799193391,73.92601122212899,65.59049578503726,100.0
38.73297776217545,88.78843401862805,63.31855914461006,53.4258303252395,71.69905615806647,100.0
24.477085600173147,81.85129828730676,75.69767280232205,80.14088019566556,86.75943747382192,100.0
35.23124077269657,76.16052461471428,61.38715798671736,97.19916208335039,69.88041038025074,100.0
33.10308746119608,70.37948573721388,77.7966053226934,71.77618454566897,53.41442997271096,100.0
10.956833748955914,75.72127419992073,72.59722501721483,50.58686343175256,42.92676849003222,84.94910500811011
28.12525822394198,58.40497538990958,58.037933759193294,72.21511535004274,62.81238643232065,100.0
18.126709815936252,64.9833066529667,72.92192728326373,60.95240437815606,56.354748745272495,98.1298733033577
28.691560643892732,82.23373429020985,57.62337577672702,86.14023627539584,71.13932901874131,100.0
18.273727000591805,91.18021250146944,69.61491530499293,68.1167360569659,95.25891537186803,100.0
19.04704467613048,78.74075525566133,85.77453279763475,78.28725491495908,65.38332647570499,100.0
24.663583744463345,56.136332116280755,67.65980140893019,62.83713733184493,54.77358712258197,100.0
6.955304994951469,43.98836849940185,69.10879960487212,74.5095787785886,75.76098173408961,83.24141144483951
19.963974609094315,60.495357853061805,69.5228864385802,81.38186342677447,81.78700237976248,100.0
33.82158991037527,91.00012034383731,81.69295590445672,82.60911046660947,82.30723271796046,100.0
9.772074348015945,76.80046990077392,76.13517972730416,75.570052172523,76.54485504511048,85.06613015595727
10.50601111168057,60.36190120534001,80.5364179660784,54.724730915754996,56.151501308336435,90.58532074307769
22.253079220409415,74.64671773688643,68.25645742097164,59.705034919618264,78.469088888404,100.0
21.941076309533578,71.54213062229624,81.7972520836071,64.23121663878597,62.30205453229906,100.0
26.962063648134183,74.18557700223282,67.69065469791322,34.546700355876425,65.90914645378494,100.0
9.983799901050844,71.29233926219105,63.180157520022014,44.37397697363564,73.12574211921329,81.12647269326716
8.722622132816493,67.00948740507133,58.30083164289712,82.70400159854574,46.07945399099807,70.11284256003239
26.901439917111126,73.36859777314713,74.01711722098942,97.99108369503867,77.79019771361759,100.0
20.549341109998487,88.7768166591362,57.542826235536154,89.63725079017064,65.5736512864314,100.0
12.269902161445335,75.18888601172692,70.97676098548831,78.36138722715626,63.98169292171246,97.677296518594
5.295600776943029,75.65272002965199,75.58139514518507,81.9493279517716,76.22298250542866,91.73754946218813
21.704162223754878,70.46295470267808,66.11823181458772,65.79896004688591,64.94371043322941,100.0
11.941299335038112,71.86167189383208,53.1656180777905,66.56747960132547,90.93525716184934,92.66365174428664
30.654803750653514,88.34446193435156,70.82283989275425,79.00575398803889,47.716594404445416,100.0
32.62584103427182,48.587867820288366,54.74343685429905,53.724514006004526,83.98886247809635,100.0
44.26716486345522,71.74474424363444,66.9151721154418,56.12242633986998,59.35630217876241,100.0
4.688924974442779,71.55913883897958,69.56523050186138,92.54384988641661,85.70976559932173,90.78232593873547
21.486674572021116,71.79835693604689,84.90726136849952,93.28142777545975,92.96126248515546,100.0
21.818662550584953,84.49172799159427,92.70692857804396,68.77068129148797,75.07744611241621,100.0
13.756546102867759,65.46956416761556,58.103333409096386,84.29567168949204,41.85170940937189,93.03386547800383
20.188496229448475,96.16398569619405,69.01411867715738,58.64401383835731,76.62910974354114,100.0
19.178488216074314,56.22690863714334,84.4376460407326,80.28083094771445,66.38145913215506,100.0
26.929186230316112,96.79890994981551,56.613942002767516,71.53700439232847,80.82343757689215,100.0
29.751197334177512,76.1370683729059,63.22838288487888,61.54118442771252,69.81629840729629,100.0
21.968612358691235,45.60494814180336,56.71813951101569,78.13295392507133,51.68734525043467,98.31785868853571
36.449677135012834,52.27213406702172,83.66874267444524,40.471182528966224,65.87422454272534,100.0
38.466369960476655,84.75301766937991,69.00824136220618,88.08685992420217,50.79543401993658,100.0
45.895636420186136,89.78594993519795,81.87386051564751,72.19283602493176,76.42460645811472,100.0
24.097627959594973,76.25739941894041,84.10459145203504,86.83585031063278,80.56759809737085,100.0
